asof_date,team_abbrev,player_name,status,details,source
2026-03-04,OKC,S. Gilgeous-Alexander,PROB,S. Gilgeous-Alexander (Prob),rotowire
2026-03-04,CHA,C. White,PROB,C. White (Prob),rotowire
2026-03-04,POR,T. Gibson,QUES,T. Gibson (Ques),rotowire
2026-03-04,MEM,T. Gibson,QUES,T. Gibson (Ques),rotowire
2026-03-04,POR,T. Jerome,DOUBT,T. Jerome (Doubt),rotowire
2026-03-04,MEM,T. Jerome,DOUBT,T. Jerome (Doubt),rotowire
2026-03-04,IND,O. Toppin,PROB,O. Toppin (Prob),rotowire
2026-03-04,IND,A. Nembhard,QUES,A. Nembhard (Ques),rotowire
2026-03-04,IND,A. Nesmith,QUES,A. Nesmith (Ques),rotowire
2026-03-04,IND,P. Siakam,QUES,P. Siakam (Ques),rotowire
2026-03-04,OKC,B. Carlson,QUES,B. Carlson (Ques),rotowire
2026-03-04,OKC,A. Caruso,QUES,A. Caruso (Ques),rotowire
2026-03-04,OKC,I. Hartenstein,QUES,I. Hartenstein (Ques),rotowire
2026-03-04,OKC,A. Mitchell,DOUBT,A. Mitchell (Doubt),rotowire
2026-03-04,OKC,T. Sorber,OFS,T. Sorber (OFS),rotowire
2026-03-04,OKC,J. Williams,DOUBT,J. Williams (Doubt),rotowire
2026-03-04,OKC,M. Robinson,PROB,M. Robinson (Prob),rotowire
2026-03-04,OKC,M. McBride,OUT,M. McBride (Out),rotowire
2026-03-04,NYK,M. Robinson,PROB,M. Robinson (Prob),rotowire
2026-03-04,NYK,M. McBride,OUT,M. McBride (Out),rotowire
2026-03-04,CHA,T. Salaun,QUES,T. Salaun (Ques),rotowire
2026-03-04,CHA,G. Williams,PROB,G. Williams (Prob),rotowire
2026-03-04,CHA,J. Tatum,OUT,J. Tatum (Out),rotowire
2026-03-04,BOS,J. Tatum,OUT,J. Tatum (Out),rotowire
2026-03-04,UTA,J. Jackson,OFS,J. Jackson (OFS),rotowire
2026-03-04,UTA,W. Kessler,OFS,W. Kessler (OFS),rotowire
2026-03-04,UTA,J. Nurkic,OFS,J. Nurkic (OFS),rotowire
2026-03-04,UTA,V. Williams,OFS,V. Williams (OFS),rotowire
2026-03-04,UTA,L. Markkanen,OUT,L. Markkanen (Out),rotowire
2026-03-04,UTA,V. Edgecombe,QUES,V. Edgecombe (Ques),rotowire
2026-03-04,UTA,J. Embiid,QUES,J. Embiid (Ques),rotowire
2026-03-04,UTA,K. Oubre,QUES,K. Oubre (Ques),rotowire
2026-03-04,UTA,J. Broome,OUT,J. Broome (Out),rotowire
2026-03-04,UTA,P. George,OUT,P. George (Out),rotowire
2026-03-04,PHI,V. Edgecombe,QUES,V. Edgecombe (Ques),rotowire
2026-03-04,PHI,J. Embiid,QUES,J. Embiid (Ques),rotowire
2026-03-04,PHI,K. Oubre,QUES,K. Oubre (Ques),rotowire
2026-03-04,PHI,J. Broome,OUT,J. Broome (Out),rotowire
2026-03-04,PHI,P. George,OUT,P. George (Out),rotowire
2026-03-04,POR,D. Lillard,OFS,D. Lillard (OFS),rotowire
2026-03-04,POR,D. Avdija,OUT,D. Avdija (Out),rotowire
2026-03-04,POR,K. Murray,OUT,K. Murray (Out),rotowire
2026-03-04,POR,S. Sharpe,OUT,S. Sharpe (Out),rotowire
2026-03-04,POR,K. Caldwell-Pope,OFS,K. Caldwell-Pope (OFS),rotowire
2026-03-04,POR,Zach Edey,OFS,Zach Edey (OFS),rotowire
2026-03-04,POR,S. Aldama,OUT,S. Aldama (Out),rotowire
2026-03-04,POR,B. Clarke,OUT,B. Clarke (Out),rotowire
2026-03-04,POR,C. Coward,OUT,C. Coward (Out),rotowire
2026-03-04,POR,Taj Gibson,OUT,Taj Gibson (Out),rotowire
2026-03-04,POR,T. Hendricks,OUT,T. Hendricks (Out),rotowire
2026-03-04,POR,Ty Jerome,OUT,Ty Jerome (Out),rotowire
2026-03-04,POR,Ja Morant,OUT,Ja Morant (Out),rotowire
2026-03-04,POR,S. Pippen,OUT,S. Pippen (Out),rotowire
2026-03-04,MEM,K. Caldwell-Pope,OFS,K. Caldwell-Pope (OFS),rotowire
2026-03-04,MEM,Zach Edey,OFS,Zach Edey (OFS),rotowire
2026-03-04,MEM,S. Aldama,OUT,S. Aldama (Out),rotowire
2026-03-04,MEM,B. Clarke,OUT,B. Clarke (Out),rotowire
2026-03-04,MEM,C. Coward,OUT,C. Coward (Out),rotowire
2026-03-04,MEM,Taj Gibson,OUT,Taj Gibson (Out),rotowire
2026-03-04,MEM,T. Hendricks,OUT,T. Hendricks (Out),rotowire
2026-03-04,MEM,Ty Jerome,OUT,Ty Jerome (Out),rotowire
2026-03-04,MEM,Ja Morant,OUT,Ja Morant (Out),rotowire
2026-03-04,MEM,S. Pippen,OUT,S. Pippen (Out),rotowire
2026-03-04,ATL,J. Kuminga,OUT,J. Kuminga (Out),rotowire
2026-03-04,ATL,K. Porter,OUT,K. Porter (Out),rotowire
2026-03-04,ATL,T. Prince,OUT,T. Prince (Out),rotowire
2026-03-04,MIL,K. Porter,OUT,K. Porter (Out),rotowire
2026-03-04,MIL,T. Prince,OUT,T. Prince (Out),rotowire
2026-03-04,IND,J. Furphy,OFS,J. Furphy (OFS),rotowire
2026-03-04,IND,T. Haliburton,OFS,T. Haliburton (OFS),rotowire
2026-03-04,IND,I. Zubac,OUT,I. Zubac (Out),rotowire
2026-03-04,IND,B. Beal,OFS,B. Beal (OFS),rotowire
2026-03-04,IND,J. Collins,OUT,J. Collins (Out),rotowire
2026-03-04,LAC,B. Beal,OFS,B. Beal (OFS),rotowire
2026-03-04,LAC,J. Collins,OUT,J. Collins (Out),rotowire
2026-03-05,OKC,B. Carlson,QUES,B. Carlson (Ques),rotowire
2026-03-05,OKC,A. Caruso,QUES,A. Caruso (Ques),rotowire
2026-03-05,OKC,I. Hartenstein,QUES,I. Hartenstein (Ques),rotowire
2026-03-05,OKC,A. Mitchell,DOUBT,A. Mitchell (Doubt),rotowire
2026-03-05,OKC,T. Sorber,OFS,T. Sorber (OFS),rotowire
2026-03-05,OKC,J. Williams,DOUBT,J. Williams (Doubt),rotowire
2026-03-05,OKC,M. Robinson,PROB,M. Robinson (Prob),rotowire
2026-03-05,OKC,M. McBride,OUT,M. McBride (Out),rotowire
2026-03-05,NYK,M. Robinson,PROB,M. Robinson (Prob),rotowire
2026-03-05,NYK,M. McBride,OUT,M. McBride (Out),rotowire
2026-03-05,CHA,T. Salaun,QUES,T. Salaun (Ques),rotowire
2026-03-05,CHA,G. Williams,PROB,G. Williams (Prob),rotowire
2026-03-05,CHA,J. Tatum,OUT,J. Tatum (Out),rotowire
2026-03-05,BOS,J. Tatum,OUT,J. Tatum (Out),rotowire
2026-03-05,UTA,V. Edgecombe,QUES,V. Edgecombe (Ques),rotowire
2026-03-05,UTA,J. Embiid,QUES,J. Embiid (Ques),rotowire
2026-03-05,UTA,K. Oubre,QUES,K. Oubre (Ques),rotowire
2026-03-05,UTA,J. Broome,OUT,J. Broome (Out),rotowire
2026-03-05,UTA,P. George,OUT,P. George (Out),rotowire
2026-03-05,PHI,V. Edgecombe,QUES,V. Edgecombe (Ques),rotowire
2026-03-05,PHI,J. Embiid,QUES,J. Embiid (Ques),rotowire
2026-03-05,PHI,K. Oubre,QUES,K. Oubre (Ques),rotowire
2026-03-05,PHI,J. Broome,OUT,J. Broome (Out),rotowire
2026-03-05,PHI,P. George,OUT,P. George (Out),rotowire
2026-03-05,POR,D. Avdija,QUES,D. Avdija (Ques),rotowire
2026-03-05,POR,D. Lillard,OFS,D. Lillard (OFS),rotowire
2026-03-05,POR,K. Murray,QUES,K. Murray (Ques),rotowire
2026-03-05,POR,S. Sharpe,OUT,S. Sharpe (Out),rotowire
2026-03-05,POR,S. Aldama,QUES,S. Aldama (Ques),rotowire
2026-03-05,POR,K. Caldwell-Pope,OFS,K. Caldwell-Pope (OFS),rotowire
2026-03-05,POR,C. Coward,PROB,C. Coward (Prob),rotowire
2026-03-05,POR,Zach Edey,OFS,Zach Edey (OFS),rotowire
2026-03-05,POR,T. Gibson,QUES,T. Gibson (Ques),rotowire
2026-03-05,POR,T. Hendricks,QUES,T. Hendricks (Ques),rotowire
2026-03-05,POR,T. Jerome,PROB,T. Jerome (Prob),rotowire
2026-03-05,POR,J. Morant,DOUBT,J. Morant (Doubt),rotowire
2026-03-05,POR,S. Pippen,PROB,S. Pippen (Prob),rotowire
2026-03-05,POR,B. Clarke,OUT,B. Clarke (Out),rotowire
2026-03-05,MEM,S. Aldama,QUES,S. Aldama (Ques),rotowire
2026-03-05,MEM,K. Caldwell-Pope,OFS,K. Caldwell-Pope (OFS),rotowire
2026-03-05,MEM,C. Coward,PROB,C. Coward (Prob),rotowire
2026-03-05,MEM,Zach Edey,OFS,Zach Edey (OFS),rotowire
2026-03-05,MEM,T. Gibson,QUES,T. Gibson (Ques),rotowire
2026-03-05,MEM,T. Hendricks,QUES,T. Hendricks (Ques),rotowire
2026-03-05,MEM,T. Jerome,PROB,T. Jerome (Prob),rotowire
2026-03-05,MEM,J. Morant,DOUBT,J. Morant (Doubt),rotowire
2026-03-05,MEM,S. Pippen,PROB,S. Pippen (Prob),rotowire
2026-03-05,MEM,B. Clarke,OUT,B. Clarke (Out),rotowire
2026-03-05,ATL,J. Kuminga,QUES,J. Kuminga (Ques),rotowire
2026-03-05,ATL,K. Porter,QUES,K. Porter (Ques),rotowire
2026-03-05,ATL,T. Prince,OUT,T. Prince (Out),rotowire
2026-03-05,MIL,K. Porter,QUES,K. Porter (Ques),rotowire
2026-03-05,MIL,T. Prince,OUT,T. Prince (Out),rotowire
2026-03-05,IND,J. Furphy,OFS,J. Furphy (OFS),rotowire
2026-03-05,IND,T. Haliburton,OFS,T. Haliburton (OFS),rotowire
2026-03-05,IND,I. Zubac,OUT,I. Zubac (Out),rotowire
2026-03-05,IND,B. Beal,OFS,B. Beal (OFS),rotowire
2026-03-05,IND,Y. Niederhauser,QUES,Y. Niederhauser (Ques),rotowire
2026-03-05,IND,J. Collins,OUT,J. Collins (Out),rotowire
2026-03-05,LAC,B. Beal,OFS,B. Beal (OFS),rotowire
2026-03-05,LAC,Y. Niederhauser,QUES,Y. Niederhauser (Ques),rotowire
2026-03-05,LAC,J. Collins,OUT,J. Collins (Out),rotowire
2026-03-05,DAL,C. Flagg,PROB,C. Flagg (Prob),rotowire
2026-03-05,DAL,A. Black,QUES,A. Black (Ques),rotowire
2026-03-05,ORL,A. Black,QUES,A. Black (Ques),rotowire
2026-03-05,DAL,N. Marshall,PROB,N. Marshall (Prob),rotowire
2026-03-05,DAL,K. Thompson,PROB,K. Thompson (Prob),rotowire
2026-03-05,DAL,W. Carter,QUES,W. Carter (Ques),rotowire
2026-03-05,ORL,W. Carter,QUES,W. Carter (Ques),rotowire
2026-03-05,UTA,A. Gill,QUES,A. Gill (Ques),rotowire
2026-03-05,WAS,A. Gill,QUES,A. Gill (Ques),rotowire
2026-03-05,GSW,A. Thompson,QUES,A. Thompson (Ques),rotowire
2026-03-05,GSW,J. Smith,QUES,J. Smith (Ques),rotowire
2026-03-05,GSW,A. Sengun,QUES,A. Sengun (Ques),rotowire
2026-03-05,HOU,A. Sengun,QUES,A. Sengun (Ques),rotowire
2026-03-05,HOU,J. Smith,QUES,J. Smith (Ques),rotowire
2026-03-05,HOU,A. Thompson,QUES,A. Thompson (Ques),rotowire
2026-03-05,TOR,B. Ingram,QUES,B. Ingram (Ques),rotowire
2026-03-05,TOR,A. Edwards,QUES,A. Edwards (Ques),rotowire
2026-03-05,TOR,J. Clark,QUES,J. Clark (Ques),rotowire
2026-03-05,MIN,J. Clark,QUES,J. Clark (Ques),rotowire
2026-03-05,MIN,A. Edwards,QUES,A. Edwards (Ques),rotowire
2026-03-05,DAL,K. Irving,OFS,K. Irving (OFS),rotowire
2026-03-05,DAL,D. Lively,OFS,D. Lively (OFS),rotowire
2026-03-05,DAL,M. Bagley,OUT,M. Bagley (Out),rotowire
2026-03-05,DAL,B. Williams,OUT,B. Williams (Out),rotowire
2026-03-05,DAL,J. Isaac,OUT,J. Isaac (Out),rotowire
2026-03-05,DAL,F. Wagner,OUT,F. Wagner (Out),rotowire
2026-03-05,ORL,J. Isaac,OUT,J. Isaac (Out),rotowire
2026-03-05,ORL,F. Wagner,OUT,F. Wagner (Out),rotowire
2026-03-05,UTA,J. Jackson,OFS,J. Jackson (OFS),rotowire
2026-03-05,UTA,W. Kessler,OFS,W. Kessler (OFS),rotowire
2026-03-05,UTA,J. Nurkic,OFS,J. Nurkic (OFS),rotowire
2026-03-05,UTA,V. Williams,OFS,V. Williams (OFS),rotowire
2026-03-05,UTA,K. George,OUT,K. George (Out),rotowire
2026-03-05,UTA,L. Markkanen,OUT,L. Markkanen (Out),rotowire
2026-03-05,UTA,C. Whitmore,OFS,C. Whitmore (OFS),rotowire
2026-03-05,UTA,A. Davis,OUT,A. Davis (Out),rotowire
2026-03-05,UTA,D. Russell,OUT,D. Russell (Out),rotowire
2026-03-05,UTA,Alex Sarr,OUT,Alex Sarr (Out),rotowire
2026-03-05,UTA,T. Vukcevic,OUT,T. Vukcevic (Out),rotowire
2026-03-05,UTA,J. Watkins,OUT,J. Watkins (Out),rotowire
2026-03-05,WAS,C. Whitmore,OFS,C. Whitmore (OFS),rotowire
2026-03-05,WAS,A. Davis,OUT,A. Davis (Out),rotowire
2026-03-05,WAS,K. George,OUT,K. George (Out),rotowire
2026-03-05,WAS,D. Russell,OUT,D. Russell (Out),rotowire
2026-03-05,WAS,Alex Sarr,OUT,Alex Sarr (Out),rotowire
2026-03-05,WAS,T. Vukcevic,OUT,T. Vukcevic (Out),rotowire
2026-03-05,WAS,J. Watkins,OUT,J. Watkins (Out),rotowire
2026-03-05,GSW,J. Butler,OFS,J. Butler (OFS),rotowire
2026-03-05,GSW,S. Curry,OUT,S. Curry (Out),rotowire
2026-03-05,GSW,Seth Curry,OUT,Seth Curry (Out),rotowire
2026-03-05,GSW,M. Moody,OUT,M. Moody (Out),rotowire
2026-03-05,GSW,G. Payton,OUT,G. Payton (Out),rotowire
2026-03-05,GSW,K. Porzingis,OUT,K. Porzingis (Out),rotowire
2026-03-05,GSW,W. Richard,OUT,W. Richard (Out),rotowire
2026-03-05,GSW,S. Adams,OFS,S. Adams (OFS),rotowire
2026-03-05,GSW,D. Finney-Smith,OUT,D. Finney-Smith (Out),rotowire
2026-03-05,GSW,J. Tate,OUT,J. Tate (Out),rotowire
2026-03-05,GSW,F. VanVleet,OUT,F. VanVleet (Out),rotowire
2026-03-05,HOU,S. Adams,OFS,S. Adams (OFS),rotowire
2026-03-05,HOU,D. Finney-Smith,OUT,D. Finney-Smith (Out),rotowire
2026-03-05,HOU,J. Tate,OUT,J. Tate (Out),rotowire
2026-03-05,HOU,F. VanVleet,OUT,F. VanVleet (Out),rotowire
2026-03-05,BKN,Egor Demin,OUT,Egor Demin (Out),rotowire
2026-03-05,BKN,S. Fontecchio,OUT,S. Fontecchio (Out),rotowire
2026-03-05,BKN,N. Jovic,OUT,N. Jovic (Out),rotowire
2026-03-05,BKN,N. Powell,OUT,N. Powell (Out),rotowire
2026-03-05,BKN,T. Rozier,OUT,T. Rozier (Out),rotowire
2026-03-05,MIA,S. Fontecchio,OUT,S. Fontecchio (Out),rotowire
2026-03-05,MIA,N. Jovic,OUT,N. Jovic (Out),rotowire
2026-03-05,MIA,N. Powell,OUT,N. Powell (Out),rotowire
2026-03-05,MIA,T. Rozier,OUT,T. Rozier (Out),rotowire
2026-03-05,TOR,C. Hepburn,OUT,C. Hepburn (Out),rotowire
2026-03-05,TOR,C. Murray-Boyles,OUT,C. Murray-Boyles (Out),rotowire
2026-03-05,TOR,Joe Ingles,OUT,Joe Ingles (Out),rotowire
2026-03-05,MIN,Joe Ingles,OUT,Joe Ingles (Out),rotowire
2026-03-05,SAS,D. Jones Garcia,OFS,D. Jones Garcia (OFS),rotowire
2026-03-05,SAS,H. Barnes,OUT,H. Barnes (Out),rotowire
2026-03-05,SAS,H. Ingram,OUT,H. Ingram (Out),rotowire
2026-03-05,SAS,M. Plumlee,OUT,M. Plumlee (Out),rotowire
2026-03-05,CHI,Z. Collins,OFS,Z. Collins (OFS),rotowire
2026-03-05,CHI,N. Essengue,OFS,N. Essengue (OFS),rotowire
2026-03-05,CHI,M. Buzelis,QUES,M. Buzelis (Ques),rotowire
2026-03-05,CHI,J. Giddey,QUES,J. Giddey (Ques),rotowire
2026-03-05,CHI,J. Smith,DOUBT,J. Smith (Doubt),rotowire
2026-03-05,CHI,P. Williams,DOUBT,P. Williams (Doubt),rotowire
2026-03-05,CHI,Jaden Ivey,OUT,Jaden Ivey (Out),rotowire
2026-03-05,CHI,A. Simons,OUT,A. Simons (Out),rotowire
2026-03-05,CHI,D. Brooks,OUT,D. Brooks (Out),rotowire
2026-03-05,CHI,J. Goodwin,OUT,J. Goodwin (Out),rotowire
2026-03-05,CHI,M. Williams,OUT,M. Williams (Out),rotowire
2026-03-05,PHX,D. Brooks,OUT,D. Brooks (Out),rotowire
2026-03-05,PHX,J. Goodwin,OUT,J. Goodwin (Out),rotowire
2026-03-05,PHX,M. Williams,OUT,M. Williams (Out),rotowire
2026-03-05,LAL,M. Kleber,QUES,M. Kleber (Ques),rotowire
2026-03-05,LAL,C. Johnson,QUES,C. Johnson (Ques),rotowire
2026-03-05,LAL,A. Gordon,OUT,A. Gordon (Out),rotowire
2026-03-05,LAL,S. Jones,OUT,S. Jones (Out),rotowire
2026-03-05,LAL,P. Watson,OUT,P. Watson (Out),rotowire
2026-03-05,DEN,C. Johnson,QUES,C. Johnson (Ques),rotowire
2026-03-05,DEN,A. Gordon,OUT,A. Gordon (Out),rotowire
2026-03-05,DEN,S. Jones,OUT,S. Jones (Out),rotowire
2026-03-05,DEN,P. Watson,OUT,P. Watson (Out),rotowire
2026-03-05,NOP,T. Murphy,PROB,T. Murphy (Prob),rotowire
2026-03-05,NOP,Z. Williamson,QUES,Z. Williamson (Ques),rotowire
2026-03-05,NOP,D. Murray,OUT,D. Murray (Out),rotowire
2026-03-05,NOP,D. Hunter,OFS,D. Hunter (OFS),rotowire
2026-03-05,NOP,Z. LaVine,OFS,Z. LaVine (OFS),rotowire
2026-03-05,NOP,D. Sabonis,OFS,D. Sabonis (OFS),rotowire
2026-03-05,NOP,D. Cardwell,OUT,D. Cardwell (Out),rotowire
2026-03-05,NOP,K. Murray,OUT,K. Murray (Out),rotowire
2026-03-05,SAC,D. Hunter,OFS,D. Hunter (OFS),rotowire
2026-03-05,SAC,Z. LaVine,OFS,Z. LaVine (OFS),rotowire
2026-03-05,SAC,D. Sabonis,OFS,D. Sabonis (OFS),rotowire
2026-03-05,SAC,D. Cardwell,OUT,D. Cardwell (Out),rotowire
2026-03-05,SAC,K. Murray,OUT,K. Murray (Out),rotowire
2026-03-05,DET,D. Jones Garcia,OFS,D. Jones Garcia (OFS),rotowire
2026-03-05,DET,H. Barnes,OUT,H. Barnes (Out),rotowire
2026-03-05,DET,H. Ingram,OUT,H. Ingram (Out),rotowire
2026-03-05,DET,M. Plumlee,OUT,M. Plumlee (Out),rotowire
2026-03-06,DAL,J. Tatum,QUES,J. Tatum (Ques),rotowire
2026-03-06,BOS,J. Tatum,QUES,J. Tatum (Ques),rotowire
2026-03-06,POR,D. Finney-Smith,PROB,D. Finney-Smith (Prob),rotowire
2026-03-06,HOU,D. Finney-Smith,PROB,D. Finney-Smith (Prob),rotowire
2026-03-06,NOP,D. Murray,PROB,D. Murray (Prob),rotowire
2026-03-06,MIA,D. Smith,PROB,D. Smith (Prob),rotowire
2026-03-06,DAL,K. Thompson,PROB,K. Thompson (Prob),rotowire
2026-03-06,DAL,B. Williams,PROB,B. Williams (Prob),rotowire
2026-03-06,POR,A. Thompson,QUES,A. Thompson (Ques),rotowire
2026-03-06,HOU,A. Thompson,QUES,A. Thompson (Ques),rotowire
2026-03-06,DAL,K. Irving,OFS,K. Irving (OFS),rotowire
2026-03-06,DAL,D. Lively,OFS,D. Lively (OFS),rotowire
2026-03-06,DAL,M. Bagley,OUT,M. Bagley (Out),rotowire
2026-03-06,DAL,D. Gafford,OUT,D. Gafford (Out),rotowire
2026-03-06,DAL,J. Walsh,OUT,J. Walsh (Out),rotowire
2026-03-06,BOS,J. Walsh,OUT,J. Walsh (Out),rotowire
2026-03-06,MIA,S. Fontecchio,OUT,S. Fontecchio (Out),rotowire
2026-03-06,MIA,N. Jovic,OUT,N. Jovic (Out),rotowire
2026-03-06,MIA,N. Powell,OUT,N. Powell (Out),rotowire
2026-03-06,MIA,T. Rozier,OUT,T. Rozier (Out),rotowire
2026-03-06,MIA,A. Wiggins,OUT,A. Wiggins (Out),rotowire
2026-03-06,MIA,T. Salaun,OUT,T. Salaun (Out),rotowire
2026-03-06,CHA,T. Salaun,OUT,T. Salaun (Out),rotowire
2026-03-06,POR,D. Lillard,OFS,D. Lillard (OFS),rotowire
2026-03-06,POR,K. Murray,QUES,K. Murray (Ques),rotowire
2026-03-06,POR,D. Avdija,DOUBT,D. Avdija (Doubt),rotowire
2026-03-06,POR,S. Sharpe,OUT,S. Sharpe (Out),rotowire
2026-03-06,POR,J. Smith,QUES,J. Smith (Ques),rotowire
2026-03-06,POR,S. Adams,OFS,S. Adams (OFS),rotowire
2026-03-06,POR,J. Tate,OUT,J. Tate (Out),rotowire
2026-03-06,POR,F. VanVleet,OUT,F. VanVleet (Out),rotowire
2026-03-06,HOU,S. Adams,OFS,S. Adams (OFS),rotowire
2026-03-06,HOU,J. Smith,QUES,J. Smith (Ques),rotowire
2026-03-06,HOU,J. Tate,OUT,J. Tate (Out),rotowire
2026-03-06,HOU,F. VanVleet,OUT,F. VanVleet (Out),rotowire
2026-03-06,NYK,J. Hart,QUES,J. Hart (Ques),rotowire
2026-03-06,NYK,M. McBride,OUT,M. McBride (Out),rotowire
2026-03-06,NYK,C. Johnson,QUES,C. Johnson (Ques),rotowire
2026-03-06,NYK,A. Gordon,QUES,A. Gordon (Ques),rotowire
2026-03-06,NYK,S. Jones,QUES,S. Jones (Ques),rotowire
2026-03-06,NYK,P. Watson,OUT,P. Watson (Out),rotowire
2026-03-06,DEN,A. Gordon,QUES,A. Gordon (Ques),rotowire
2026-03-06,DEN,C. Johnson,QUES,C. Johnson (Ques),rotowire
2026-03-06,DEN,S. Jones,QUES,S. Jones (Ques),rotowire
2026-03-06,DEN,P. Watson,OUT,P. Watson (Out),rotowire
2026-03-06,PHX,R. O'Neale,QUES,R. O'Neale (Ques),rotowire
2026-03-06,PHX,D. Brooks,OUT,D. Brooks (Out),rotowire
2026-03-06,PHX,J. Goodwin,OUT,J. Goodwin (Out),rotowire
2026-03-06,PHX,M. Williams,OUT,M. Williams (Out),rotowire
2026-03-06,LAC,B. Beal,OFS,B. Beal (OFS),rotowire
2026-03-06,LAC,Y. Niederhauser,OFS,Y. Niederhauser (OFS),rotowire
2026-03-06,LAC,B. Bogdanovic,QUES,B. Bogdanovic (Ques),rotowire
2026-03-06,LAC,J. Collins,OUT,J. Collins (Out),rotowire
2026-03-06,LAC,D. Garland,OUT,D. Garland (Out),rotowire
2026-03-06,LAC,J. Champagnie,QUES,J. Champagnie (Ques),rotowire
2026-03-06,LAC,D. Jones Garcia,OFS,D. Jones Garcia (OFS),rotowire
2026-03-06,LAC,H. Barnes,OUT,H. Barnes (Out),rotowire
2026-03-06,LAC,H. Ingram,OUT,H. Ingram (Out),rotowire
2026-03-06,LAC,M. Plumlee,OUT,M. Plumlee (Out),rotowire
2026-03-06,SAS,D. Jones Garcia,OFS,D. Jones Garcia (OFS),rotowire
2026-03-06,SAS,J. Champagnie,QUES,J. Champagnie (Ques),rotowire
2026-03-06,SAS,H. Barnes,OUT,H. Barnes (Out),rotowire
2026-03-06,SAS,H. Ingram,OUT,H. Ingram (Out),rotowire
2026-03-06,SAS,M. Plumlee,OUT,M. Plumlee (Out),rotowire
2026-03-06,IND,J. Furphy,OFS,J. Furphy (OFS),rotowire
2026-03-06,IND,T. Haliburton,OFS,T. Haliburton (OFS),rotowire
2026-03-06,IND,A. Nembhard,PROB,A. Nembhard (Prob),rotowire
2026-03-06,IND,A. Nesmith,PROB,A. Nesmith (Prob),rotowire
2026-03-06,IND,P. Siakam,PROB,P. Siakam (Prob),rotowire
2026-03-06,IND,I. Zubac,OUT,I. Zubac (Out),rotowire
2026-03-06,IND,D. Ayton,OUT,D. Ayton (Out),rotowire
2026-03-06,IND,L. James,OUT,L. James (Out),rotowire
2026-03-06,IND,M. Kleber,OUT,M. Kleber (Out),rotowire
2026-03-06,LAL,D. Ayton,OUT,D. Ayton (Out),rotowire
2026-03-06,LAL,L. James,OUT,L. James (Out),rotowire
2026-03-06,LAL,M. Kleber,OUT,M. Kleber (Out),rotowire
2026-03-06,NOP,R. O'Neale,QUES,R. O'Neale (Ques),rotowire
2026-03-06,NOP,D. Brooks,OUT,D. Brooks (Out),rotowire
2026-03-06,NOP,J. Goodwin,OUT,J. Goodwin (Out),rotowire
2026-03-06,NOP,M. Williams,OUT,M. Williams (Out),rotowire
2026-03-07,LAC,D. Garland,PROB,D. Garland (Prob),rotowire
2026-03-07,BKN,J. Duren,PROB,J. Duren (Prob),rotowire
2026-03-07,DET,J. Duren,PROB,J. Duren (Prob),rotowire
2026-03-07,ORL,A. Black,QUES,A. Black (Ques),rotowire
2026-03-07,ORL,J. Isaac,QUES,J. Isaac (Ques),rotowire
2026-03-07,ORL,J. Richardson,QUES,J. Richardson (Ques),rotowire
2026-03-07,ORL,F. Wagner,OUT,F. Wagner (Out),rotowire
2026-03-07,ORL,K. Anderson,QUES,K. Anderson (Ques),rotowire
2026-03-07,MIN,K. Anderson,QUES,K. Anderson (Ques),rotowire
2026-03-07,PHI,J. Broome,OUT,J. Broome (Out),rotowire
2026-03-07,PHI,V. Edgecombe,OUT,V. Edgecombe (Out),rotowire
2026-03-07,PHI,J. Embiid,OUT,J. Embiid (Out),rotowire
2026-03-07,PHI,P. George,OUT,P. George (Out),rotowire
2026-03-07,PHI,J. Kuminga,OUT,J. Kuminga (Out),rotowire
2026-03-07,ATL,J. Kuminga,OUT,J. Kuminga (Out),rotowire
2026-03-07,BKN,Egor Demin,OUT,Egor Demin (Out),rotowire
2026-03-07,BKN,C. Cunningham,OUT,C. Cunningham (Out),rotowire
2026-03-07,BKN,A. Thompson,OUT,A. Thompson (Out),rotowire
2026-03-07,DET,C. Cunningham,OUT,C. Cunningham (Out),rotowire
2026-03-07,DET,A. Thompson,OUT,A. Thompson (Out),rotowire
2026-03-07,UTA,J. Jackson,OFS,J. Jackson (OFS),rotowire
2026-03-07,UTA,W. Kessler,OFS,W. Kessler (OFS),rotowire
2026-03-07,UTA,J. Nurkic,OFS,J. Nurkic (OFS),rotowire
2026-03-07,UTA,V. Williams,OFS,V. Williams (OFS),rotowire
2026-03-07,UTA,I. Collier,OUT,I. Collier (Out),rotowire
2026-03-07,UTA,L. Markkanen,OUT,L. Markkanen (Out),rotowire
2026-03-07,UTA,K. Porter,OUT,K. Porter (Out),rotowire
2026-03-07,UTA,T. Prince,OUT,T. Prince (Out),rotowire
2026-03-07,MIL,K. Porter,OUT,K. Porter (Out),rotowire
2026-03-07,MIL,T. Prince,OUT,T. Prince (Out),rotowire
2026-03-07,LAC,B. Beal,OFS,B. Beal (OFS),rotowire
2026-03-07,LAC,Y. Niederhauser,OFS,Y. Niederhauser (OFS),rotowire
2026-03-07,LAC,J. Collins,OUT,J. Collins (Out),rotowire
2026-03-07,LAC,S. Pedulla,OUT,S. Pedulla (Out),rotowire
2026-03-07,LAC,K. Caldwell-Pope,OFS,K. Caldwell-Pope (OFS),rotowire
2026-03-07,LAC,Zach Edey,OFS,Zach Edey (OFS),rotowire
2026-03-07,LAC,S. Aldama,OUT,S. Aldama (Out),rotowire
2026-03-07,LAC,B. Clarke,OUT,B. Clarke (Out),rotowire
2026-03-07,LAC,Taj Gibson,OUT,Taj Gibson (Out),rotowire
2026-03-07,LAC,Ja Morant,OUT,Ja Morant (Out),rotowire
2026-03-07,MEM,K. Caldwell-Pope,OFS,K. Caldwell-Pope (OFS),rotowire
2026-03-07,MEM,Zach Edey,OFS,Zach Edey (OFS),rotowire
2026-03-07,MEM,S. Aldama,OUT,S. Aldama (Out),rotowire
2026-03-07,MEM,B. Clarke,OUT,B. Clarke (Out),rotowire
2026-03-07,MEM,Taj Gibson,OUT,Taj Gibson (Out),rotowire
2026-03-07,MEM,Ja Morant,OUT,Ja Morant (Out),rotowire
2026-03-07,GSW,J. Butler,OFS,J. Butler (OFS),rotowire
2026-03-07,GSW,G. Payton,PROB,G. Payton (Prob),rotowire
2026-03-07,GSW,K. Porzingis,QUES,K. Porzingis (Ques),rotowire
2026-03-07,GSW,W. Richard,QUES,W. Richard (Ques),rotowire
2026-03-07,GSW,S. Curry,OUT,S. Curry (Out),rotowire
2026-03-07,GSW,Seth Curry,OUT,Seth Curry (Out),rotowire
2026-03-07,GSW,D. Melton,OUT,D. Melton (Out),rotowire
2026-03-07,GSW,M. Moody,OUT,M. Moody (Out),rotowire
2026-03-07,GSW,T. Sorber,OFS,T. Sorber (OFS),rotowire
2026-03-07,GSW,B. Carlson,OUT,B. Carlson (Out),rotowire
2026-03-07,GSW,A. Caruso,OUT,A. Caruso (Out),rotowire
2026-03-07,GSW,I. Hartenstein,OUT,I. Hartenstein (Out),rotowire
2026-03-07,GSW,C. Holmgren,OUT,C. Holmgren (Out),rotowire
2026-03-07,GSW,A. Mitchell,OUT,A. Mitchell (Out),rotowire
2026-03-07,GSW,J. Williams,OUT,J. Williams (Out),rotowire
2026-03-07,OKC,T. Sorber,OFS,T. Sorber (OFS),rotowire
2026-03-07,OKC,B. Carlson,OUT,B. Carlson (Out),rotowire
2026-03-07,OKC,A. Caruso,OUT,A. Caruso (Out),rotowire
2026-03-07,OKC,I. Hartenstein,OUT,I. Hartenstein (Out),rotowire
2026-03-07,OKC,C. Holmgren,OUT,C. Holmgren (Out),rotowire
2026-03-07,OKC,A. Mitchell,OUT,A. Mitchell (Out),rotowire
2026-03-07,OKC,J. Williams,OUT,J. Williams (Out),rotowire
2026-03-08,HOU,H. Ingram,QUES,H. Ingram (Ques),rotowire
2026-03-08,SAS,H. Ingram,QUES,H. Ingram (Ques),rotowire
2026-03-08,BOS,D. Mitchell,PROB,D. Mitchell (Prob),rotowire
2026-03-08,BOS,J. Tyson,QUES,J. Tyson (Ques),rotowire
2026-03-08,BOS,D. Wade,PROB,D. Wade (Prob),rotowire
2026-03-08,CLE,D. Mitchell,PROB,D. Mitchell (Prob),rotowire
2026-03-08,CLE,D. Wade,PROB,D. Wade (Prob),rotowire
2026-03-08,CLE,J. Tyson,QUES,J. Tyson (Ques),rotowire
2026-03-08,NYK,L. Shamet,QUES,L. Shamet (Ques),rotowire
2026-03-08,NYK,M. Kleber,QUES,M. Kleber (Ques),rotowire
2026-03-08,LAL,M. Kleber,QUES,M. Kleber (Ques),rotowire
2026-03-08,DAL,B. Ingram,QUES,B. Ingram (Ques),rotowire
2026-03-08,TOR,B. Ingram,QUES,B. Ingram (Ques),rotowire
2026-03-08,DAL,M. Bagley,QUES,M. Bagley (Ques),rotowire
2026-03-08,DAL,C. Flagg,QUES,C. Flagg (Ques),rotowire
2026-03-08,DET,C. Cunningham,PROB,C. Cunningham (Prob),rotowire
2026-03-08,DAL,D. Powell,PROB,D. Powell (Prob),rotowire
2026-03-08,ORL,K. Kuzma,QUES,K. Kuzma (Ques),rotowire
2026-03-08,MIL,K. Kuzma,QUES,K. Kuzma (Ques),rotowire
2026-03-08,IND,K. Murray,QUES,K. Murray (Ques),rotowire
2026-03-08,POR,K. Murray,QUES,K. Murray (Ques),rotowire
2026-03-08,BOS,N. Vucevic,OUT,N. Vucevic (Out),rotowire
2026-03-08,BOS,J. Allen,OUT,J. Allen (Out),rotowire
2026-03-08,BOS,T. Proctor,OUT,T. Proctor (Out),rotowire
2026-03-08,BOS,Max Strus,OUT,Max Strus (Out),rotowire
2026-03-08,CLE,J. Allen,OUT,J. Allen (Out),rotowire
2026-03-08,CLE,T. Proctor,OUT,T. Proctor (Out),rotowire
2026-03-08,CLE,Max Strus,OUT,Max Strus (Out),rotowire
2026-03-08,NYK,M. McBride,OUT,M. McBride (Out),rotowire
2026-03-08,NYK,L. James,OUT,L. James (Out),rotowire
2026-03-08,LAL,L. James,OUT,L. James (Out),rotowire
2026-03-08,DET,C. LeVert,OUT,C. LeVert (Out),rotowire
2026-03-08,DET,A. Thompson,OUT,A. Thompson (Out),rotowire
2026-03-08,DET,S. Fontecchio,OUT,S. Fontecchio (Out),rotowire
2026-03-08,DET,N. Jovic,OUT,N. Jovic (Out),rotowire
2026-03-08,DET,N. Powell,OUT,N. Powell (Out),rotowire
2026-03-08,DET,T. Rozier,OUT,T. Rozier (Out),rotowire
2026-03-08,DET,A. Wiggins,OUT,A. Wiggins (Out),rotowire
2026-03-08,MIA,S. Fontecchio,OUT,S. Fontecchio (Out),rotowire
2026-03-08,MIA,N. Jovic,OUT,N. Jovic (Out),rotowire
2026-03-08,MIA,N. Powell,OUT,N. Powell (Out),rotowire
2026-03-08,MIA,T. Rozier,OUT,T. Rozier (Out),rotowire
2026-03-08,MIA,A. Wiggins,OUT,A. Wiggins (Out),rotowire
2026-03-08,DAL,K. Irving,OFS,K. Irving (OFS),rotowire
2026-03-08,DAL,D. Lively,OFS,D. Lively (OFS),rotowire
2026-03-08,DAL,T. Jackson-Davis,QUES,T. Jackson-Davis (Ques),rotowire
2026-03-08,DAL,C. Hepburn,OUT,C. Hepburn (Out),rotowire
2026-03-08,DAL,C. Murray-Boyles,OUT,C. Murray-Boyles (Out),rotowire
2026-03-08,TOR,T. Jackson-Davis,QUES,T. Jackson-Davis (Ques),rotowire
2026-03-08,TOR,C. Hepburn,OUT,C. Hepburn (Out),rotowire
2026-03-08,TOR,C. Murray-Boyles,OUT,C. Murray-Boyles (Out),rotowire
2026-03-08,WAS,C. Whitmore,OFS,C. Whitmore (OFS),rotowire
2026-03-08,WAS,A. Davis,OUT,A. Davis (Out),rotowire
2026-03-08,WAS,K. George,OUT,K. George (Out),rotowire
2026-03-08,WAS,D. Russell,OUT,D. Russell (Out),rotowire
2026-03-08,WAS,T. Vukcevic,OUT,T. Vukcevic (Out),rotowire
2026-03-08,WAS,J. Watkins,OUT,J. Watkins (Out),rotowire
2026-03-08,ORL,A. Black,OUT,A. Black (Out),rotowire
2026-03-08,ORL,J. Isaac,OUT,J. Isaac (Out),rotowire
2026-03-08,ORL,J. Richardson,OUT,J. Richardson (Out),rotowire
2026-03-08,ORL,F. Wagner,OUT,F. Wagner (Out),rotowire
2026-03-08,ORL,G. Antetokounmpo,OUT,G. Antetokounmpo (Out),rotowire
2026-03-08,ORL,Kyle Kuzma,OUT,Kyle Kuzma (Out),rotowire
2026-03-08,ORL,K. Porter,OUT,K. Porter (Out),rotowire
2026-03-08,ORL,T. Prince,OUT,T. Prince (Out),rotowire
2026-03-08,MIL,G. Antetokounmpo,OUT,G. Antetokounmpo (Out),rotowire
2026-03-08,MIL,Kyle Kuzma,OUT,Kyle Kuzma (Out),rotowire
2026-03-08,MIL,K. Porter,OUT,K. Porter (Out),rotowire
2026-03-08,MIL,T. Prince,OUT,T. Prince (Out),rotowire
2026-03-08,HOU,S. Adams,OFS,S. Adams (OFS),rotowire
2026-03-08,HOU,J. Tate,OUT,J. Tate (Out),rotowire
2026-03-08,HOU,F. VanVleet,OUT,F. VanVleet (Out),rotowire
2026-03-08,HOU,D. Jones Garcia,OFS,D. Jones Garcia (OFS),rotowire
2026-03-08,HOU,H. Barnes,OUT,H. Barnes (Out),rotowire
2026-03-08,HOU,M. Plumlee,OUT,M. Plumlee (Out),rotowire
2026-03-08,SAS,D. Jones Garcia,OFS,D. Jones Garcia (OFS),rotowire
2026-03-08,SAS,H. Barnes,OUT,H. Barnes (Out),rotowire
2026-03-08,SAS,M. Plumlee,OUT,M. Plumlee (Out),rotowire
2026-03-08,IND,J. Furphy,OFS,J. Furphy (OFS),rotowire
2026-03-08,IND,T. Haliburton,OFS,T. Haliburton (OFS),rotowire
2026-03-08,IND,A. Nesmith,PROB,A. Nesmith (Prob),rotowire
2026-03-08,IND,P. Siakam,PROB,P. Siakam (Prob),rotowire
2026-03-08,IND,A. Nembhard,QUES,A. Nembhard (Ques),rotowire
2026-03-08,IND,I. Zubac,OUT,I. Zubac (Out),rotowire
2026-03-08,IND,D. Avdija,QUES,D. Avdija (Ques),rotowire
2026-03-08,IND,D. Lillard,OFS,D. Lillard (OFS),rotowire
2026-03-08,IND,S. Sharpe,OUT,S. Sharpe (Out),rotowire
2026-03-08,POR,D. Avdija,QUES,D. Avdija (Ques),rotowire
2026-03-08,POR,D. Lillard,OFS,D. Lillard (OFS),rotowire
2026-03-08,POR,S. Sharpe,OUT,S. Sharpe (Out),rotowire
2026-03-08,CHI,Z. Collins,OFS,Z. Collins (OFS),rotowire
2026-03-08,CHI,N. Essengue,OFS,N. Essengue (OFS),rotowire
2026-03-08,CHI,M. Buzelis,QUES,M. Buzelis (Ques),rotowire
2026-03-08,CHI,J. Giddey,QUES,J. Giddey (Ques),rotowire
2026-03-08,CHI,J. Smith,QUES,J. Smith (Ques),rotowire
2026-03-08,CHI,P. Williams,QUES,P. Williams (Ques),rotowire
2026-03-08,CHI,Jaden Ivey,OUT,Jaden Ivey (Out),rotowire
2026-03-08,CHI,A. Simons,OUT,A. Simons (Out),rotowire
2026-03-08,CHI,D. Hunter,OFS,D. Hunter (OFS),rotowire
2026-03-08,CHI,Z. LaVine,OFS,Z. LaVine (OFS),rotowire
2026-03-08,CHI,D. Sabonis,OFS,D. Sabonis (OFS),rotowire
2026-03-08,CHI,D. Cardwell,OUT,D. Cardwell (Out),rotowire
2026-03-08,CHI,D. DeRozan,OUT,D. DeRozan (Out),rotowire
2026-03-08,CHI,K. Murray,OUT,K. Murray (Out),rotowire
2026-03-08,SAC,D. Hunter,OFS,D. Hunter (OFS),rotowire
2026-03-08,SAC,Z. LaVine,OFS,Z. LaVine (OFS),rotowire
2026-03-08,SAC,D. Sabonis,OFS,D. Sabonis (OFS),rotowire
2026-03-08,SAC,D. Cardwell,OUT,D. Cardwell (Out),rotowire
2026-03-08,SAC,D. DeRozan,OUT,D. DeRozan (Out),rotowire
2026-03-08,SAC,K. Murray,OUT,K. Murray (Out),rotowire
2026-03-08,CHA,T. Salaun,OUT,T. Salaun (Out),rotowire
2026-03-08,CHA,G. Allen,PROB,G. Allen (Prob),rotowire
2026-03-08,CHA,D. Brooks,OUT,D. Brooks (Out),rotowire
2026-03-08,CHA,J. Goodwin,OUT,J. Goodwin (Out),rotowire
2026-03-08,CHA,M. Williams,OUT,M. Williams (Out),rotowire
2026-03-08,PHX,G. Allen,PROB,G. Allen (Prob),rotowire
2026-03-08,PHX,D. Brooks,OUT,D. Brooks (Out),rotowire
2026-03-08,PHX,J. Goodwin,OUT,J. Goodwin (Out),rotowire
2026-03-08,PHX,M. Williams,OUT,M. Williams (Out),rotowire
2026-03-09,MEM,B. Saraf,PROB,B. Saraf (Prob),rotowire
2026-03-09,BKN,B. Saraf,PROB,B. Saraf (Prob),rotowire
2026-03-09,GSW,V. Williams,OFS,V. Williams (OFS),rotowire
2026-03-09,UTA,V. Williams,OFS,V. Williams (OFS),rotowire
2026-03-09,PHI,D. Wade,PROB,D. Wade (Prob),rotowire
2026-03-09,CLE,D. Wade,PROB,D. Wade (Prob),rotowire
2026-03-09,DEN,J. Murray,QUES,J. Murray (Ques),rotowire
2026-03-09,GSW,A. Bailey,QUES,A. Bailey (Ques),rotowire
2026-03-09,UTA,A. Bailey,QUES,A. Bailey (Ques),rotowire
2026-03-09,MEM,T. Jerome,DOUBT,T. Jerome (Doubt),rotowire
2026-03-09,GSW,K. George,QUES,K. George (Ques),rotowire
2026-03-09,UTA,K. George,QUES,K. George (Ques),rotowire
2026-03-09,PHI,J. Broome,OUT,J. Broome (Out),rotowire
2026-03-09,PHI,V. Edgecombe,OUT,V. Edgecombe (Out),rotowire
2026-03-09,PHI,J. Embiid,OUT,J. Embiid (Out),rotowire
2026-03-09,PHI,P. George,OUT,P. George (Out),rotowire
2026-03-09,PHI,T. Maxey,OUT,T. Maxey (Out),rotowire
2026-03-09,PHI,J. Allen,OUT,J. Allen (Out),rotowire
2026-03-09,PHI,T. Proctor,OUT,T. Proctor (Out),rotowire
2026-03-09,PHI,Max Strus,OUT,Max Strus (Out),rotowire
2026-03-09,CLE,J. Allen,OUT,J. Allen (Out),rotowire
2026-03-09,CLE,T. Proctor,OUT,T. Proctor (Out),rotowire
2026-03-09,CLE,Max Strus,OUT,Max Strus (Out),rotowire
2026-03-09,MEM,K. Caldwell-Pope,OFS,K. Caldwell-Pope (OFS),rotowire
2026-03-09,MEM,Zach Edey,OFS,Zach Edey (OFS),rotowire
2026-03-09,MEM,S. Aldama,OUT,S. Aldama (Out),rotowire
2026-03-09,MEM,B. Clarke,OUT,B. Clarke (Out),rotowire
2026-03-09,MEM,C. Coward,OUT,C. Coward (Out),rotowire
2026-03-09,MEM,Taj Gibson,OUT,Taj Gibson (Out),rotowire
2026-03-09,MEM,T. Hendricks,OUT,T. Hendricks (Out),rotowire
2026-03-09,MEM,Ty Jerome,OUT,Ty Jerome (Out),rotowire
2026-03-09,MEM,Ja Morant,OUT,Ja Morant (Out),rotowire
2026-03-09,MEM,S. Pippen,OUT,S. Pippen (Out),rotowire
2026-03-09,MEM,Egor Demin,OFS,Egor Demin (OFS),rotowire
2026-03-09,MEM,M. Porter,OUT,M. Porter (Out),rotowire
2026-03-09,BKN,Egor Demin,OFS,Egor Demin (OFS),rotowire
2026-03-09,BKN,M. Porter,OUT,M. Porter (Out),rotowire
2026-03-09,DEN,P. Watson,OUT,P. Watson (Out),rotowire
2026-03-09,DEN,T. Sorber,OFS,T. Sorber (OFS),rotowire
2026-03-09,DEN,B. Carlson,OUT,B. Carlson (Out),rotowire
2026-03-09,DEN,A. Caruso,OUT,A. Caruso (Out),rotowire
2026-03-09,DEN,I. Hartenstein,OUT,I. Hartenstein (Out),rotowire
2026-03-09,DEN,C. Holmgren,OUT,C. Holmgren (Out),rotowire
2026-03-09,DEN,J. Williams,OUT,J. Williams (Out),rotowire
2026-03-09,OKC,T. Sorber,OFS,T. Sorber (OFS),rotowire
2026-03-09,OKC,B. Carlson,OUT,B. Carlson (Out),rotowire
2026-03-09,OKC,A. Caruso,OUT,A. Caruso (Out),rotowire
2026-03-09,OKC,I. Hartenstein,OUT,I. Hartenstein (Out),rotowire
2026-03-09,OKC,C. Holmgren,OUT,C. Holmgren (Out),rotowire
2026-03-09,OKC,J. Williams,OUT,J. Williams (Out),rotowire
2026-03-09,GSW,J. Butler,OFS,J. Butler (OFS),rotowire
2026-03-09,GSW,S. Curry,OUT,S. Curry (Out),rotowire
2026-03-09,GSW,Al Horford,OUT,Al Horford (Out),rotowire
2026-03-09,GSW,M. Moody,OUT,M. Moody (Out),rotowire
2026-03-09,GSW,K. Porzingis,OUT,K. Porzingis (Out),rotowire
2026-03-09,GSW,W. Richard,OUT,W. Richard (Out),rotowire
2026-03-09,GSW,J. Jackson,OFS,J. Jackson (OFS),rotowire
2026-03-09,GSW,W. Kessler,OFS,W. Kessler (OFS),rotowire
2026-03-09,GSW,J. Nurkic,OFS,J. Nurkic (OFS),rotowire
2026-03-09,GSW,Ace Bailey,OUT,Ace Bailey (Out),rotowire
2026-03-09,GSW,I. Collier,OUT,I. Collier (Out),rotowire
2026-03-09,GSW,L. Markkanen,OUT,L. Markkanen (Out),rotowire
2026-03-09,UTA,J. Jackson,OFS,J. Jackson (OFS),rotowire
2026-03-09,UTA,W. Kessler,OFS,W. Kessler (OFS),rotowire
2026-03-09,UTA,J. Nurkic,OFS,J. Nurkic (OFS),rotowire
2026-03-09,UTA,Ace Bailey,OUT,Ace Bailey (Out),rotowire
2026-03-09,UTA,I. Collier,OUT,I. Collier (Out),rotowire
2026-03-09,UTA,L. Markkanen,OUT,L. Markkanen (Out),rotowire
2026-03-09,NYK,M. McBride,OUT,M. McBride (Out),rotowire
2026-03-09,NYK,M. Robinson,OUT,M. Robinson (Out),rotowire
2026-03-09,NYK,B. Beal,OFS,B. Beal (OFS),rotowire
2026-03-09,NYK,Y. Niederhauser,OFS,Y. Niederhauser (OFS),rotowire
2026-03-09,NYK,J. Collins,OUT,J. Collins (Out),rotowire
2026-03-09,LAC,B. Beal,OFS,B. Beal (OFS),rotowire
2026-03-09,LAC,Y. Niederhauser,OFS,Y. Niederhauser (OFS),rotowire
2026-03-09,LAC,J. Collins,OUT,J. Collins (Out),rotowire
2026-03-10,MEM,Ty Jerome,OUT,Ty Jerome (Out),rotowire
2026-03-10,CHI,Al Horford,OUT,Al Horford (Out),rotowire
2026-03-10,GSW,Al Horford,OUT,Al Horford (Out),rotowire
2026-03-10,WAS,S. Fontecchio,PROB,S. Fontecchio (Prob),rotowire
2026-03-10,MIA,S. Fontecchio,PROB,S. Fontecchio (Prob),rotowire
2026-03-10,BOS,M. Plumlee,QUES,M. Plumlee (Ques),rotowire
2026-03-10,SAS,M. Plumlee,QUES,M. Plumlee (Ques),rotowire
2026-03-10,MEM,C. Coward,PROB,C. Coward (Prob),rotowire
2026-03-10,MEM,T. Jerome,PROB,T. Jerome (Prob),rotowire
2026-03-10,MEM,T. Gibson,QUES,T. Gibson (Ques),rotowire
2026-03-10,MEM,T. Hendricks,QUES,T. Hendricks (Ques),rotowire
2026-03-10,DET,M. Porter,QUES,M. Porter (Ques),rotowire
2026-03-10,BKN,M. Porter,QUES,M. Porter (Ques),rotowire
2026-03-10,PHX,J. Goodwin,QUES,J. Goodwin (Ques),rotowire
2026-03-10,MIN,K. Anderson,QUES,K. Anderson (Ques),rotowire
2026-03-10,CHI,A. Horford,PROB,A. Horford (Prob),rotowire
2026-03-10,CHI,K. Porzingis,PROB,K. Porzingis (Prob),rotowire
2026-03-10,CHI,W. Richard,QUES,W. Richard (Ques),rotowire
2026-03-10,GSW,A. Horford,PROB,A. Horford (Prob),rotowire
2026-03-10,GSW,K. Porzingis,PROB,K. Porzingis (Prob),rotowire
2026-03-10,GSW,W. Richard,QUES,W. Richard (Ques),rotowire
2026-03-10,MEM,V. Edgecombe,QUES,V. Edgecombe (Ques),rotowire
2026-03-10,PHI,V. Edgecombe,QUES,V. Edgecombe (Ques),rotowire
2026-03-10,PHX,T. Prince,QUES,T. Prince (Ques),rotowire
2026-03-10,MIL,T. Prince,QUES,T. Prince (Ques),rotowire
2026-03-10,PHX,G. Allen,QUES,G. Allen (Ques),rotowire
2026-03-10,CHI,M. Buzelis,PROB,M. Buzelis (Prob),rotowire
2026-03-10,CHI,J. Giddey,PROB,J. Giddey (Prob),rotowire
2026-03-10,CHI,J. Smith,PROB,J. Smith (Prob),rotowire
2026-03-10,CHI,D. Green,QUES,D. Green (Ques),rotowire
2026-03-10,CHI,G. Payton,PROB,G. Payton (Prob),rotowire
2026-03-10,GSW,G. Payton,PROB,G. Payton (Prob),rotowire
2026-03-10,GSW,D. Green,QUES,D. Green (Ques),rotowire
2026-03-10,IND,J. Walker,PROB,J. Walker (Prob),rotowire
2026-03-10,MEM,K. Caldwell-Pope,OFS,K. Caldwell-Pope (OFS),rotowire
2026-03-10,MEM,Zach Edey,OFS,Zach Edey (OFS),rotowire
2026-03-10,MEM,S. Aldama,OUT,S. Aldama (Out),rotowire
2026-03-10,MEM,B. Clarke,OUT,B. Clarke (Out),rotowire
2026-03-10,MEM,W. Clayton,OUT,W. Clayton (Out),rotowire
2026-03-10,MEM,Taj Gibson,OUT,Taj Gibson (Out),rotowire
2026-03-10,MEM,Ja Morant,OUT,Ja Morant (Out),rotowire
2026-03-10,MEM,S. Pippen,OUT,S. Pippen (Out),rotowire
2026-03-10,MEM,J. Broome,OUT,J. Broome (Out),rotowire
2026-03-10,MEM,J. Embiid,OUT,J. Embiid (Out),rotowire
2026-03-10,MEM,P. George,OUT,P. George (Out),rotowire
2026-03-10,MEM,T. Maxey,OUT,T. Maxey (Out),rotowire
2026-03-10,PHI,J. Broome,OUT,J. Broome (Out),rotowire
2026-03-10,PHI,J. Embiid,OUT,J. Embiid (Out),rotowire
2026-03-10,PHI,P. George,OUT,P. George (Out),rotowire
2026-03-10,PHI,T. Maxey,OUT,T. Maxey (Out),rotowire
2026-03-10,DAL,K. Irving,OFS,K. Irving (OFS),rotowire
2026-03-10,DAL,D. Lively,OFS,D. Lively (OFS),rotowire
2026-03-10,DAL,J. Kuminga,OUT,J. Kuminga (Out),rotowire
2026-03-10,ATL,J. Kuminga,OUT,J. Kuminga (Out),rotowire
2026-03-10,WAS,C. Whitmore,OFS,C. Whitmore (OFS),rotowire
2026-03-10,WAS,A. Davis,OUT,A. Davis (Out),rotowire
2026-03-10,WAS,K. George,OUT,K. George (Out),rotowire
2026-03-10,WAS,D. Russell,OUT,D. Russell (Out),rotowire
2026-03-10,WAS,J. Watkins,OUT,J. Watkins (Out),rotowire
2026-03-10,WAS,Trae Young,OUT,Trae Young (Out),rotowire
2026-03-10,WAS,T. Herro,OUT,T. Herro (Out),rotowire
2026-03-10,WAS,N. Jovic,OUT,N. Jovic (Out),rotowire
2026-03-10,WAS,N. Powell,OUT,N. Powell (Out),rotowire
2026-03-10,WAS,T. Rozier,OUT,T. Rozier (Out),rotowire
2026-03-10,WAS,K. Ware,OUT,K. Ware (Out),rotowire
2026-03-10,WAS,A. Wiggins,OUT,A. Wiggins (Out),rotowire
2026-03-10,MIA,T. Herro,OUT,T. Herro (Out),rotowire
2026-03-10,MIA,N. Jovic,OUT,N. Jovic (Out),rotowire
2026-03-10,MIA,N. Powell,OUT,N. Powell (Out),rotowire
2026-03-10,MIA,T. Rozier,OUT,T. Rozier (Out),rotowire
2026-03-10,MIA,K. Ware,OUT,K. Ware (Out),rotowire
2026-03-10,MIA,A. Wiggins,OUT,A. Wiggins (Out),rotowire
2026-03-10,DET,C. LeVert,OUT,C. LeVert (Out),rotowire
2026-03-10,DET,A. Thompson,OUT,A. Thompson (Out),rotowire
2026-03-10,DET,Egor Demin,OFS,Egor Demin (OFS),rotowire
2026-03-10,DET,D. Sharpe,OUT,D. Sharpe (Out),rotowire
2026-03-10,DET,Z. Williams,OUT,Z. Williams (Out),rotowire
2026-03-10,BKN,Egor Demin,OFS,Egor Demin (OFS),rotowire
2026-03-10,BKN,D. Sharpe,OUT,D. Sharpe (Out),rotowire
2026-03-10,BKN,Z. Williams,OUT,Z. Williams (Out),rotowire
2026-03-10,TOR,C. Hepburn,OUT,C. Hepburn (Out),rotowire
2026-03-10,TOR,T. Jackson-Davis,OUT,T. Jackson-Davis (Out),rotowire
2026-03-10,TOR,C. Murray-Boyles,OUT,C. Murray-Boyles (Out),rotowire
2026-03-10,TOR,J. Poeltl,OUT,J. Poeltl (Out),rotowire
2026-03-10,TOR,S. Adams,OFS,S. Adams (OFS),rotowire
2026-03-10,TOR,J. Tate,OUT,J. Tate (Out),rotowire
2026-03-10,TOR,F. VanVleet,OUT,F. VanVleet (Out),rotowire
2026-03-10,HOU,S. Adams,OFS,S. Adams (OFS),rotowire
2026-03-10,HOU,J. Tate,OUT,J. Tate (Out),rotowire
2026-03-10,HOU,F. VanVleet,OUT,F. VanVleet (Out),rotowire
2026-03-10,PHX,D. Brooks,OUT,D. Brooks (Out),rotowire
2026-03-10,PHX,M. Williams,OUT,M. Williams (Out),rotowire
2026-03-10,PHX,K. Porter,OUT,K. Porter (Out),rotowire
2026-03-10,PHX,B. Portis,OUT,B. Portis (Out),rotowire
2026-03-10,PHX,C. Ryan,OUT,C. Ryan (Out),rotowire
2026-03-10,PHX,J. Sims,OUT,J. Sims (Out),rotowire
2026-03-10,MIL,K. Porter,OUT,K. Porter (Out),rotowire
2026-03-10,MIL,B. Portis,OUT,B. Portis (Out),rotowire
2026-03-10,MIL,C. Ryan,OUT,C. Ryan (Out),rotowire
2026-03-10,MIL,J. Sims,OUT,J. Sims (Out),rotowire
2026-03-10,BOS,P. Pritchard,OUT,P. Pritchard (Out),rotowire
2026-03-10,BOS,N. Vucevic,OUT,N. Vucevic (Out),rotowire
2026-03-10,BOS,D. Jones Garcia,OFS,D. Jones Garcia (OFS),rotowire
2026-03-10,BOS,H. Barnes,OUT,H. Barnes (Out),rotowire
2026-03-10,BOS,L. Waters,OUT,L. Waters (Out),rotowire
2026-03-10,SAS,D. Jones Garcia,OFS,D. Jones Garcia (OFS),rotowire
2026-03-10,SAS,H. Barnes,OUT,H. Barnes (Out),rotowire
2026-03-10,SAS,L. Waters,OUT,L. Waters (Out),rotowire
2026-03-10,CHI,Z. Collins,OFS,Z. Collins (OFS),rotowire
2026-03-10,CHI,N. Essengue,OFS,N. Essengue (OFS),rotowire
2026-03-10,CHI,Jaden Ivey,OUT,Jaden Ivey (Out),rotowire
2026-03-10,CHI,I. Okoro,OUT,I. Okoro (Out),rotowire
2026-03-10,CHI,C. Sexton,OUT,C. Sexton (Out),rotowire
2026-03-10,CHI,A. Simons,OUT,A. Simons (Out),rotowire
2026-03-10,CHI,P. Williams,OUT,P. Williams (Out),rotowire
2026-03-10,CHI,J. Butler,OFS,J. Butler (OFS),rotowire
2026-03-10,CHI,S. Curry,OUT,S. Curry (Out),rotowire
2026-03-10,CHI,Seth Curry,OUT,Seth Curry (Out),rotowire
2026-03-10,CHI,D. Melton,OUT,D. Melton (Out),rotowire
2026-03-10,CHI,M. Moody,OUT,M. Moody (Out),rotowire
2026-03-10,CHI,Q. Post,OUT,Q. Post (Out),rotowire
2026-03-10,GSW,J. Butler,OFS,J. Butler (OFS),rotowire
2026-03-10,GSW,S. Curry,OUT,S. Curry (Out),rotowire
2026-03-10,GSW,Seth Curry,OUT,Seth Curry (Out),rotowire
2026-03-10,GSW,D. Melton,OUT,D. Melton (Out),rotowire
2026-03-10,GSW,M. Moody,OUT,M. Moody (Out),rotowire
2026-03-10,GSW,Q. Post,OUT,Q. Post (Out),rotowire
2026-03-10,CHA,L. McNeeley,OUT,L. McNeeley (Out),rotowire
2026-03-10,CHA,T. Salaun,OUT,T. Salaun (Out),rotowire
2026-03-10,CHA,Coby White,OUT,Coby White (Out),rotowire
2026-03-10,CHA,D. Lillard,OFS,D. Lillard (OFS),rotowire
2026-03-10,CHA,S. Sharpe,OUT,S. Sharpe (Out),rotowire
2026-03-10,POR,D. Lillard,OFS,D. Lillard (OFS),rotowire
2026-03-10,POR,S. Sharpe,OUT,S. Sharpe (Out),rotowire
2026-03-10,IND,J. Furphy,OFS,J. Furphy (OFS),rotowire
2026-03-10,IND,T. Haliburton,OFS,T. Haliburton (OFS),rotowire
2026-03-10,IND,T. McConnell,OUT,T. McConnell (Out),rotowire
2026-03-10,IND,A. Nembhard,OUT,A. Nembhard (Out),rotowire
2026-03-10,IND,P. Siakam,OUT,P. Siakam (Out),rotowire
2026-03-10,IND,I. Zubac,OUT,I. Zubac (Out),rotowire
2026-03-10,IND,D. Hunter,OFS,D. Hunter (OFS),rotowire
2026-03-10,IND,Z. LaVine,OFS,Z. LaVine (OFS),rotowire
2026-03-10,IND,D. Sabonis,OFS,D. Sabonis (OFS),rotowire
2026-03-10,IND,D. Cardwell,OUT,D. Cardwell (Out),rotowire
2026-03-10,IND,K. Murray,OUT,K. Murray (Out),rotowire
2026-03-10,SAC,D. Hunter,OFS,D. Hunter (OFS),rotowire
2026-03-10,SAC,Z. LaVine,OFS,Z. LaVine (OFS),rotowire
2026-03-10,SAC,D. Sabonis,OFS,D. Sabonis (OFS),rotowire
2026-03-10,SAC,D. Cardwell,OUT,D. Cardwell (Out),rotowire
2026-03-10,SAC,K. Murray,OUT,K. Murray (Out),rotowire
2026-03-10,LAL,L. James,OUT,L. James (Out),rotowire
2026-03-10,LAL,M. Kleber,OUT,M. Kleber (Out),rotowire
2026-03-10,MIN,L. James,OUT,L. James (Out),rotowire
2026-03-10,MIN,M. Kleber,OUT,M. Kleber (Out),rotowire
2026-03-11,CLE,J. Isaac,QUES,J. Isaac (Ques),rotowire
2026-03-11,CLE,J. Richardson,QUES,J. Richardson (Ques),rotowire
2026-03-11,ORL,J. Isaac,QUES,J. Isaac (Ques),rotowire
2026-03-11,ORL,J. Richardson,QUES,J. Richardson (Ques),rotowire
2026-03-11,CHA,C. White,PROB,C. White (Prob),rotowire
2026-03-11,CHA,M. Monk,DOUBT,M. Monk (Doubt),rotowire
2026-03-11,SAC,M. Monk,DOUBT,M. Monk (Doubt),rotowire
2026-03-11,TOR,T. Jackson-Davis,QUES,T. Jackson-Davis (Ques),rotowire
2026-03-11,TOR,J. Poeltl,QUES,J. Poeltl (Ques),rotowire
2026-03-11,NYK,J. Hart,DOUBT,J. Hart (Doubt),rotowire
2026-03-11,HOU,J. Murray,PROB,J. Murray (Prob),rotowire
2026-03-11,HOU,C. Johnson,PROB,C. Johnson (Prob),rotowire
2026-03-11,DEN,C. Johnson,PROB,C. Johnson (Prob),rotowire
2026-03-11,DEN,J. Murray,PROB,J. Murray (Prob),rotowire
2026-03-11,CLE,J. Allen,OUT,J. Allen (Out),rotowire
2026-03-11,CLE,T. Proctor,OUT,T. Proctor (Out),rotowire
2026-03-11,CLE,Max Strus,OUT,Max Strus (Out),rotowire
2026-03-11,CLE,A. Black,OUT,A. Black (Out),rotowire
2026-03-11,CLE,F. Wagner,OUT,F. Wagner (Out),rotowire
2026-03-11,ORL,A. Black,OUT,A. Black (Out),rotowire
2026-03-11,ORL,F. Wagner,OUT,F. Wagner (Out),rotowire
2026-03-11,TOR,C. Hepburn,OUT,C. Hepburn (Out),rotowire
2026-03-11,TOR,C. Murray-Boyles,OUT,C. Murray-Boyles (Out),rotowire
2026-03-11,TOR,B. McGowens,OUT,B. McGowens (Out),rotowire
2026-03-11,NOP,B. McGowens,OUT,B. McGowens (Out),rotowire
2026-03-11,NYK,Josh Hart,OUT,Josh Hart (Out),rotowire
2026-03-11,NYK,M. McBride,OUT,M. McBride (Out),rotowire
2026-03-11,NYK,K. George,OUT,K. George (Out),rotowire
2026-03-11,NYK,J. Jackson,OFS,J. Jackson (OFS),rotowire
2026-03-11,NYK,W. Kessler,OFS,W. Kessler (OFS),rotowire
2026-03-11,NYK,J. Nurkic,OFS,J. Nurkic (OFS),rotowire
2026-03-11,NYK,J. Konchar,OUT,J. Konchar (Out),rotowire
2026-03-11,NYK,L. Markkanen,OUT,L. Markkanen (Out),rotowire
2026-03-11,UTA,J. Jackson,OFS,J. Jackson (OFS),rotowire
2026-03-11,UTA,W. Kessler,OFS,W. Kessler (OFS),rotowire
2026-03-11,UTA,J. Nurkic,OFS,J. Nurkic (OFS),rotowire
2026-03-11,UTA,K. George,OUT,K. George (Out),rotowire
2026-03-11,UTA,J. Konchar,OUT,J. Konchar (Out),rotowire
2026-03-11,UTA,L. Markkanen,OUT,L. Markkanen (Out),rotowire
2026-03-11,HOU,S. Adams,OFS,S. Adams (OFS),rotowire
2026-03-11,HOU,D. Finney-Smith,OUT,D. Finney-Smith (Out),rotowire
2026-03-11,HOU,J. Tate,OUT,J. Tate (Out),rotowire
2026-03-11,HOU,F. VanVleet,OUT,F. VanVleet (Out),rotowire
2026-03-11,HOU,P. Watson,OUT,P. Watson (Out),rotowire
2026-03-11,DEN,P. Watson,OUT,P. Watson (Out),rotowire
2026-03-11,CHA,R. Kalkbrenner,OUT,R. Kalkbrenner (Out),rotowire
2026-03-11,CHA,L. McNeeley,OUT,L. McNeeley (Out),rotowire
2026-03-11,CHA,T. Salaun,OUT,T. Salaun (Out),rotowire
2026-03-11,CHA,G. Williams,OUT,G. Williams (Out),rotowire
2026-03-11,CHA,D. Hunter,OFS,D. Hunter (OFS),rotowire
2026-03-11,CHA,Z. LaVine,OFS,Z. LaVine (OFS),rotowire
2026-03-11,CHA,D. Sabonis,OFS,D. Sabonis (OFS),rotowire
2026-03-11,CHA,D. Cardwell,OUT,D. Cardwell (Out),rotowire
2026-03-11,CHA,D. Carter,OUT,D. Carter (Out),rotowire
2026-03-11,CHA,Malik Monk,OUT,Malik Monk (Out),rotowire
2026-03-11,CHA,K. Murray,OUT,K. Murray (Out),rotowire
2026-03-11,CHA,R. Westbrook,OUT,R. Westbrook (Out),rotowire
2026-03-11,SAC,D. Hunter,OFS,D. Hunter (OFS),rotowire
2026-03-11,SAC,Z. LaVine,OFS,Z. LaVine (OFS),rotowire
2026-03-11,SAC,D. Sabonis,OFS,D. Sabonis (OFS),rotowire
2026-03-11,SAC,D. Cardwell,OUT,D. Cardwell (Out),rotowire
2026-03-11,SAC,D. Carter,OUT,D. Carter (Out),rotowire
2026-03-11,SAC,Malik Monk,OUT,Malik Monk (Out),rotowire
2026-03-11,SAC,K. Murray,OUT,K. Murray (Out),rotowire
2026-03-11,SAC,R. Westbrook,OUT,R. Westbrook (Out),rotowire
2026-03-11,MIN,A. Dosunmu,OUT,A. Dosunmu (Out),rotowire
2026-03-11,MIN,B. Beal,OFS,B. Beal (OFS),rotowire
2026-03-11,MIN,Y. Niederhauser,OFS,Y. Niederhauser (OFS),rotowire
2026-03-11,MIN,J. Collins,OUT,J. Collins (Out),rotowire
2026-03-11,LAC,B. Beal,OFS,B. Beal (OFS),rotowire
2026-03-11,LAC,Y. Niederhauser,OFS,Y. Niederhauser (OFS),rotowire
2026-03-11,LAC,J. Collins,OUT,J. Collins (Out),rotowire
2026-03-12,PHX,A. Nembhard,QUES,A. Nembhard (Ques),rotowire
2026-03-12,PHX,I. Zubac,QUES,I. Zubac (Ques),rotowire
2026-03-12,IND,A. Nembhard,QUES,A. Nembhard (Ques),rotowire
2026-03-12,IND,I. Zubac,QUES,I. Zubac (Ques),rotowire
2026-03-12,BKN,J. Kuminga,QUES,J. Kuminga (Ques),rotowire
2026-03-12,ATL,J. Kuminga,QUES,J. Kuminga (Ques),rotowire
2026-03-12,MIL,C. Ryan,OUT,C. Ryan (Out),rotowire
2026-03-12,PHX,H. Highsmith,QUES,H. Highsmith (Ques),rotowire
2026-03-12,MIL,K. Porter,QUES,K. Porter (Ques),rotowire
2026-03-12,MIL,B. Portis,QUES,B. Portis (Ques),rotowire
2026-03-12,MIL,J. Sims,QUES,J. Sims (Ques),rotowire
2026-03-12,DAL,T. Gibson,DOUBT,T. Gibson (Doubt),rotowire
2026-03-12,DAL,T. Jerome,DOUBT,T. Jerome (Doubt),rotowire
2026-03-12,MEM,T. Gibson,DOUBT,T. Gibson (Doubt),rotowire
2026-03-12,MEM,T. Jerome,DOUBT,T. Jerome (Doubt),rotowire
2026-03-12,DEN,J. Murray,PROB,J. Murray (Prob),rotowire
2026-03-12,DEN,H. Barnes,QUES,H. Barnes (Ques),rotowire
2026-03-12,DEN,L. Waters,QUES,L. Waters (Ques),rotowire
2026-03-12,SAS,H. Barnes,QUES,H. Barnes (Ques),rotowire
2026-03-12,SAS,L. Waters,QUES,L. Waters (Ques),rotowire
2026-03-12,CHI,M. Buzelis,PROB,M. Buzelis (Prob),rotowire
2026-03-12,CHI,J. Giddey,PROB,J. Giddey (Prob),rotowire
2026-03-12,CHI,J. Smith,QUES,J. Smith (Ques),rotowire
2026-03-12,CHI,L. James,QUES,L. James (Ques),rotowire
2026-03-12,LAL,L. James,QUES,L. James (Ques),rotowire
2026-03-12,PHI,Adem Bona,OUT,Adem Bona (Out),rotowire
2026-03-12,PHI,J. Broome,OUT,J. Broome (Out),rotowire
2026-03-12,PHI,A. Drummond,OUT,A. Drummond (Out),rotowire
2026-03-12,PHI,J. Embiid,OUT,J. Embiid (Out),rotowire
2026-03-12,PHI,P. George,OUT,P. George (Out),rotowire
2026-03-12,PHI,T. Maxey,OUT,T. Maxey (Out),rotowire
2026-03-12,PHI,K. Oubre,OUT,K. Oubre (Out),rotowire
2026-03-12,PHI,A. Thompson,QUES,A. Thompson (Ques),rotowire
2026-03-12,PHI,B. Klintman,OUT,B. Klintman (Out),rotowire
2026-03-12,PHI,C. LeVert,OUT,C. LeVert (Out),rotowire
2026-03-12,DET,A. Thompson,QUES,A. Thompson (Ques),rotowire
2026-03-12,DET,B. Klintman,OUT,B. Klintman (Out),rotowire
2026-03-12,DET,C. LeVert,OUT,C. LeVert (Out),rotowire
2026-03-12,PHX,G. Allen,OUT,G. Allen (Out),rotowire
2026-03-12,PHX,D. Brooks,OUT,D. Brooks (Out),rotowire
2026-03-12,PHX,M. Williams,OUT,M. Williams (Out),rotowire
2026-03-12,PHX,J. Furphy,OFS,J. Furphy (OFS),rotowire
2026-03-12,PHX,T. Haliburton,OFS,T. Haliburton (OFS),rotowire
2026-03-12,PHX,Q. Jackson,OUT,Q. Jackson (Out),rotowire
2026-03-12,PHX,T. McConnell,OUT,T. McConnell (Out),rotowire
2026-03-12,PHX,A. Nesmith,OUT,A. Nesmith (Out),rotowire
2026-03-12,PHX,P. Siakam,OUT,P. Siakam (Out),rotowire
2026-03-12,PHX,Obi Toppin,OUT,Obi Toppin (Out),rotowire
2026-03-12,IND,J. Furphy,OFS,J. Furphy (OFS),rotowire
2026-03-12,IND,T. Haliburton,OFS,T. Haliburton (OFS),rotowire
2026-03-12,IND,Q. Jackson,OUT,Q. Jackson (Out),rotowire
2026-03-12,IND,T. McConnell,OUT,T. McConnell (Out),rotowire
2026-03-12,IND,A. Nesmith,OUT,A. Nesmith (Out),rotowire
2026-03-12,IND,P. Siakam,OUT,P. Siakam (Out),rotowire
2026-03-12,IND,Obi Toppin,OUT,Obi Toppin (Out),rotowire
2026-03-12,WAS,C. Whitmore,OFS,C. Whitmore (OFS),rotowire
2026-03-12,WAS,A. Davis,OUT,A. Davis (Out),rotowire
2026-03-12,WAS,K. George,OUT,K. George (Out),rotowire
2026-03-12,WAS,D. Russell,OUT,D. Russell (Out),rotowire
2026-03-12,WAS,J. Isaac,DOUBT,J. Isaac (Doubt),rotowire
2026-03-12,WAS,A. Black,OUT,A. Black (Out),rotowire
2026-03-12,WAS,F. Wagner,OUT,F. Wagner (Out),rotowire
2026-03-12,ORL,J. Isaac,DOUBT,J. Isaac (Doubt),rotowire
2026-03-12,ORL,A. Black,OUT,A. Black (Out),rotowire
2026-03-12,ORL,F. Wagner,OUT,F. Wagner (Out),rotowire
2026-03-12,BKN,Egor Demin,OFS,Egor Demin (OFS),rotowire
2026-03-12,BKN,D. Sharpe,OFS,D. Sharpe (OFS),rotowire
2026-03-12,BKN,M. Porter,OUT,M. Porter (Out),rotowire
2026-03-12,BKN,N. Traore,OUT,N. Traore (Out),rotowire
2026-03-12,BKN,Z. Williams,OUT,Z. Williams (Out),rotowire
2026-03-12,BKN,D. Daniels,OUT,D. Daniels (Out),rotowire
2026-03-12,ATL,D. Daniels,OUT,D. Daniels (Out),rotowire
2026-03-12,MIL,O. Dieng,QUES,O. Dieng (Ques),rotowire
2026-03-12,MIL,T. Herro,OUT,T. Herro (Out),rotowire
2026-03-12,MIL,N. Jovic,OUT,N. Jovic (Out),rotowire
2026-03-12,MIL,N. Powell,OUT,N. Powell (Out),rotowire
2026-03-12,MIL,T. Rozier,OUT,T. Rozier (Out),rotowire
2026-03-12,MIL,A. Wiggins,OUT,A. Wiggins (Out),rotowire
2026-03-12,MIA,T. Herro,OUT,T. Herro (Out),rotowire
2026-03-12,MIA,N. Jovic,OUT,N. Jovic (Out),rotowire
2026-03-12,MIA,N. Powell,OUT,N. Powell (Out),rotowire
2026-03-12,MIA,T. Rozier,OUT,T. Rozier (Out),rotowire
2026-03-12,MIA,A. Wiggins,OUT,A. Wiggins (Out),rotowire
2026-03-12,DAL,K. Irving,OFS,K. Irving (OFS),rotowire
2026-03-12,DAL,D. Lively,OFS,D. Lively (OFS),rotowire
2026-03-12,DAL,K. Thompson,OUT,K. Thompson (Out),rotowire
2026-03-12,DAL,K. Caldwell-Pope,OFS,K. Caldwell-Pope (OFS),rotowire
2026-03-12,DAL,C. Coward,QUES,C. Coward (Ques),rotowire
2026-03-12,DAL,Zach Edey,OFS,Zach Edey (OFS),rotowire
2026-03-12,DAL,S. Aldama,OUT,S. Aldama (Out),rotowire
2026-03-12,DAL,B. Clarke,OUT,B. Clarke (Out),rotowire
2026-03-12,DAL,W. Clayton,OUT,W. Clayton (Out),rotowire
2026-03-12,DAL,Taj Gibson,OUT,Taj Gibson (Out),rotowire
2026-03-12,DAL,Ty Jerome,OUT,Ty Jerome (Out),rotowire
2026-03-12,DAL,Ja Morant,OUT,Ja Morant (Out),rotowire
2026-03-12,DAL,S. Pippen,OUT,S. Pippen (Out),rotowire
2026-03-12,DAL,C. Spencer,OUT,C. Spencer (Out),rotowire
2026-03-12,MEM,K. Caldwell-Pope,OFS,K. Caldwell-Pope (OFS),rotowire
2026-03-12,MEM,C. Coward,QUES,C. Coward (Ques),rotowire
2026-03-12,MEM,Zach Edey,OFS,Zach Edey (OFS),rotowire
2026-03-12,MEM,S. Aldama,OUT,S. Aldama (Out),rotowire
2026-03-12,MEM,B. Clarke,OUT,B. Clarke (Out),rotowire
2026-03-12,MEM,W. Clayton,OUT,W. Clayton (Out),rotowire
2026-03-12,MEM,Taj Gibson,OUT,Taj Gibson (Out),rotowire
2026-03-12,MEM,Ty Jerome,OUT,Ty Jerome (Out),rotowire
2026-03-12,MEM,Ja Morant,OUT,Ja Morant (Out),rotowire
2026-03-12,MEM,S. Pippen,OUT,S. Pippen (Out),rotowire
2026-03-12,MEM,C. Spencer,OUT,C. Spencer (Out),rotowire
2026-03-12,DEN,A. Gordon,QUES,A. Gordon (Ques),rotowire
2026-03-12,DEN,P. Watson,OUT,P. Watson (Out),rotowire
2026-03-12,DEN,D. Jones Garcia,OFS,D. Jones Garcia (OFS),rotowire
2026-03-12,DEN,V. Wembanyama,OUT,V. Wembanyama (Out),rotowire
2026-03-12,SAS,D. Jones Garcia,OFS,D. Jones Garcia (OFS),rotowire
2026-03-12,SAS,V. Wembanyama,OUT,V. Wembanyama (Out),rotowire
2026-03-12,BOS,J. Tatum,OUT,J. Tatum (Out),rotowire
2026-03-12,BOS,N. Vucevic,OUT,N. Vucevic (Out),rotowire
2026-03-12,BOS,D. White,OUT,D. White (Out),rotowire
2026-03-12,BOS,T. Sorber,OFS,T. Sorber (OFS),rotowire
2026-03-12,BOS,B. Carlson,OUT,B. Carlson (Out),rotowire
2026-03-12,BOS,I. Hartenstein,OUT,I. Hartenstein (Out),rotowire
2026-03-12,BOS,J. Williams,OUT,J. Williams (Out),rotowire
2026-03-12,OKC,T. Sorber,OFS,T. Sorber (OFS),rotowire
2026-03-12,OKC,B. Carlson,OUT,B. Carlson (Out),rotowire
2026-03-12,OKC,I. Hartenstein,OUT,I. Hartenstein (Out),rotowire
2026-03-12,OKC,J. Williams,OUT,J. Williams (Out),rotowire
2026-03-12,CHI,Z. Collins,OFS,Z. Collins (OFS),rotowire
2026-03-12,CHI,N. Essengue,OFS,N. Essengue (OFS),rotowire
2026-03-12,CHI,Jaden Ivey,OUT,Jaden Ivey (Out),rotowire
2026-03-12,CHI,I. Okoro,OUT,I. Okoro (Out),rotowire
2026-03-12,CHI,C. Sexton,OUT,C. Sexton (Out),rotowire
2026-03-12,CHI,A. Simons,OUT,A. Simons (Out),rotowire
2026-03-12,CHI,P. Williams,OUT,P. Williams (Out),rotowire
2026-03-12,CHI,G. Yabusele,OUT,G. Yabusele (Out),rotowire
2026-03-12,CHI,J. Hayes,OUT,J. Hayes (Out),rotowire
2026-03-12,CHI,M. Kleber,OUT,M. Kleber (Out),rotowire
2026-03-12,CHI,M. Smart,OUT,M. Smart (Out),rotowire
2026-03-12,LAL,J. Hayes,OUT,J. Hayes (Out),rotowire
2026-03-12,LAL,M. Kleber,OUT,M. Kleber (Out),rotowire
2026-03-12,LAL,M. Smart,OUT,M. Smart (Out),rotowire
2026-03-13,PHX,S. Barnes,QUES,S. Barnes (Ques),rotowire
2026-03-13,TOR,S. Barnes,QUES,S. Barnes (Ques),rotowire
2026-03-13,CLE,N. Marshall,QUES,N. Marshall (Ques),rotowire
2026-03-13,CLE,C. Martin,PROB,C. Martin (Prob),rotowire
2026-03-13,DAL,C. Martin,PROB,C. Martin (Prob),rotowire
2026-03-13,DAL,N. Marshall,QUES,N. Marshall (Ques),rotowire
2026-03-13,NYK,A. Nembhard,QUES,A. Nembhard (Ques),rotowire
2026-03-13,NYK,A. Nesmith,PROB,A. Nesmith (Prob),rotowire
2026-03-13,NYK,O. Toppin,PROB,O. Toppin (Prob),rotowire
2026-03-13,NYK,I. Zubac,QUES,I. Zubac (Ques),rotowire
2026-03-13,NYK,T. McConnell,PROB,T. McConnell (Prob),rotowire
2026-03-13,IND,T. McConnell,PROB,T. McConnell (Prob),rotowire
2026-03-13,IND,A. Nembhard,QUES,A. Nembhard (Ques),rotowire
2026-03-13,IND,A. Nesmith,PROB,A. Nesmith (Prob),rotowire
2026-03-13,IND,O. Toppin,PROB,O. Toppin (Prob),rotowire
2026-03-13,IND,I. Zubac,QUES,I. Zubac (Ques),rotowire
2026-03-13,PHX,J. Goodwin,QUES,J. Goodwin (Ques),rotowire
2026-03-13,MEM,T. Gibson,QUES,T. Gibson (Ques),rotowire
2026-03-13,MEM,J. Duren,QUES,J. Duren (Ques),rotowire
2026-03-13,MEM,C. LeVert,PROB,C. LeVert (Prob),rotowire
2026-03-13,DET,J. Duren,QUES,J. Duren (Ques),rotowire
2026-03-13,DET,C. LeVert,PROB,C. LeVert (Prob),rotowire
2026-03-13,CLE,Max Strus,OUT,Max Strus (Out),rotowire
2026-03-13,MEM,GG Jackson,OUT,GG Jackson (Out),rotowire
2026-03-13,NYK,Josh Hart,OUT,Josh Hart (Out),rotowire
2026-03-13,MIN,A. Dosunmu,QUES,A. Dosunmu (Ques),rotowire
2026-03-13,MIN,A. Edwards,QUES,A. Edwards (Ques),rotowire
2026-03-13,MIN,D. Melton,QUES,D. Melton (Ques),rotowire
2026-03-13,GSW,D. Melton,QUES,D. Melton (Ques),rotowire
2026-03-13,UTA,C. Youngblood,QUES,C. Youngblood (Ques),rotowire
2026-03-13,POR,C. Youngblood,QUES,C. Youngblood (Ques),rotowire
2026-03-13,CHI,P. Williams,QUES,P. Williams (Ques),rotowire
2026-03-13,CHI,G. Yabusele,QUES,G. Yabusele (Ques),rotowire
2026-03-13,CLE,J. Allen,QUES,J. Allen (Ques),rotowire
2026-03-13,CLE,S. Merrill,QUES,S. Merrill (Ques),rotowire
2026-03-13,CLE,T. Proctor,QUES,T. Proctor (Ques),rotowire
2026-03-13,CLE,M. Strus,QUES,M. Strus (Ques),rotowire
2026-03-13,CLE,D. Gafford,PROB,D. Gafford (Prob),rotowire
2026-03-13,CLE,K. Irving,OFS,K. Irving (OFS),rotowire
2026-03-13,CLE,D. Lively,OFS,D. Lively (OFS),rotowire
2026-03-13,CLE,P. Washington,QUES,P. Washington (Ques),rotowire
2026-03-13,DAL,D. Gafford,PROB,D. Gafford (Prob),rotowire
2026-03-13,DAL,K. Irving,OFS,K. Irving (OFS),rotowire
2026-03-13,DAL,D. Lively,OFS,D. Lively (OFS),rotowire
2026-03-13,DAL,P. Washington,QUES,P. Washington (Ques),rotowire
2026-03-13,MEM,S. Aldama,DOUBT,S. Aldama (Doubt),rotowire
2026-03-13,MEM,K. Caldwell-Pope,OFS,K. Caldwell-Pope (OFS),rotowire
2026-03-13,MEM,W. Clayton,QUES,W. Clayton (Ques),rotowire
2026-03-13,MEM,Zach Edey,OFS,Zach Edey (OFS),rotowire
2026-03-13,MEM,G. Jackson,QUES,G. Jackson (Ques),rotowire
2026-03-13,MEM,S. Pippen,OFS,S. Pippen (OFS),rotowire
2026-03-13,MEM,J. Wells,QUES,J. Wells (Ques),rotowire
2026-03-13,MEM,B. Clarke,OUT,B. Clarke (Out),rotowire
2026-03-13,MEM,Ja Morant,OUT,Ja Morant (Out),rotowire
2026-03-13,MEM,T. Harris,QUES,T. Harris (Ques),rotowire
2026-03-13,MEM,A. Thompson,QUES,A. Thompson (Ques),rotowire
2026-03-13,DET,T. Harris,QUES,T. Harris (Ques),rotowire
2026-03-13,DET,A. Thompson,QUES,A. Thompson (Ques),rotowire
2026-03-13,NYK,J. Hart,QUES,J. Hart (Ques),rotowire
2026-03-13,NYK,J. Sochan,QUES,J. Sochan (Ques),rotowire
2026-03-13,NYK,K. Towns,QUES,K. Towns (Ques),rotowire
2026-03-13,NYK,M. McBride,OUT,M. McBride (Out),rotowire
2026-03-13,NYK,J. Furphy,OFS,J. Furphy (OFS),rotowire
2026-03-13,NYK,T. Haliburton,OFS,T. Haliburton (OFS),rotowire
2026-03-13,NYK,Q. Jackson,QUES,Q. Jackson (Ques),rotowire
2026-03-13,NYK,P. Siakam,QUES,P. Siakam (Ques),rotowire
2026-03-13,IND,J. Furphy,OFS,J. Furphy (OFS),rotowire
2026-03-13,IND,T. Haliburton,OFS,T. Haliburton (OFS),rotowire
2026-03-13,IND,Q. Jackson,QUES,Q. Jackson (Ques),rotowire
2026-03-13,IND,P. Siakam,QUES,P. Siakam (Ques),rotowire
2026-03-13,PHX,D. Brooks,OUT,D. Brooks (Out),rotowire
2026-03-13,PHX,M. Williams,OUT,M. Williams (Out),rotowire
2026-03-13,PHX,C. Hepburn,DOUBT,C. Hepburn (Doubt),rotowire
2026-03-13,PHX,C. Murray-Boyles,QUES,C. Murray-Boyles (Ques),rotowire
2026-03-13,TOR,C. Hepburn,DOUBT,C. Hepburn (Doubt),rotowire
2026-03-13,TOR,C. Murray-Boyles,QUES,C. Murray-Boyles (Ques),rotowire
2026-03-13,NOP,B. McGowens,QUES,B. McGowens (Ques),rotowire
2026-03-13,NOP,S. Adams,OFS,S. Adams (OFS),rotowire
2026-03-13,NOP,A. Sengun,QUES,A. Sengun (Ques),rotowire
2026-03-13,NOP,J. Tate,DOUBT,J. Tate (Doubt),rotowire
2026-03-13,NOP,F. VanVleet,OUT,F. VanVleet (Out),rotowire
2026-03-13,HOU,S. Adams,OFS,S. Adams (OFS),rotowire
2026-03-13,HOU,A. Sengun,QUES,A. Sengun (Ques),rotowire
2026-03-13,HOU,J. Tate,DOUBT,J. Tate (Doubt),rotowire
2026-03-13,HOU,F. VanVleet,OUT,F. VanVleet (Out),rotowire
2026-03-13,GSW,J. Butler,OFS,J. Butler (OFS),rotowire
2026-03-13,GSW,D. Green,QUES,D. Green (Ques),rotowire
2026-03-13,GSW,A. Horford,QUES,A. Horford (Ques),rotowire
2026-03-13,GSW,M. Moody,QUES,M. Moody (Ques),rotowire
2026-03-13,GSW,Q. Post,QUES,Q. Post (Ques),rotowire
2026-03-13,GSW,S. Curry,OUT,S. Curry (Out),rotowire
2026-03-13,UTA,A. Bailey,QUES,A. Bailey (Ques),rotowire
2026-03-13,UTA,J. Jackson,OFS,J. Jackson (OFS),rotowire
2026-03-13,UTA,W. Kessler,OFS,W. Kessler (OFS),rotowire
2026-03-13,UTA,J. Konchar,QUES,J. Konchar (Ques),rotowire
2026-03-13,UTA,J. Nurkic,OFS,J. Nurkic (OFS),rotowire
2026-03-13,UTA,K. George,OUT,K. George (Out),rotowire
2026-03-13,UTA,L. Markkanen,OUT,L. Markkanen (Out),rotowire
2026-03-13,UTA,D. Lillard,OFS,D. Lillard (OFS),rotowire
2026-03-13,UTA,R. Williams,QUES,R. Williams (Ques),rotowire
2026-03-13,UTA,S. Sharpe,OUT,S. Sharpe (Out),rotowire
2026-03-13,POR,D. Lillard,OFS,D. Lillard (OFS),rotowire
2026-03-13,POR,R. Williams,QUES,R. Williams (Ques),rotowire
2026-03-13,POR,S. Sharpe,OUT,S. Sharpe (Out),rotowire
2026-03-13,CHI,Z. Collins,OFS,Z. Collins (OFS),rotowire
2026-03-13,CHI,N. Essengue,OFS,N. Essengue (OFS),rotowire
2026-03-13,CHI,Jaden Ivey,OUT,Jaden Ivey (Out),rotowire
2026-03-13,CHI,I. Okoro,OUT,I. Okoro (Out),rotowire
2026-03-13,CHI,C. Sexton,OUT,C. Sexton (Out),rotowire
2026-03-13,CHI,A. Simons,OUT,A. Simons (Out),rotowire
2026-03-13,CHI,J. Smith,OUT,J. Smith (Out),rotowire
2026-03-13,CHI,B. Beal,OFS,B. Beal (OFS),rotowire
2026-03-13,CHI,Y. Niederhauser,OFS,Y. Niederhauser (OFS),rotowire
2026-03-13,CHI,J. Collins,OUT,J. Collins (Out),rotowire
2026-03-13,CHI,D. Garland,OUT,D. Garland (Out),rotowire
2026-03-13,LAC,B. Beal,OFS,B. Beal (OFS),rotowire
2026-03-13,LAC,Y. Niederhauser,OFS,Y. Niederhauser (OFS),rotowire
2026-03-13,LAC,J. Collins,OUT,J. Collins (Out),rotowire
2026-03-13,LAC,D. Garland,OUT,D. Garland (Out),rotowire
2026-03-13,MIN,A. Horford,QUES,A. Horford (Ques),rotowire
2026-03-13,MIN,J. Butler,OFS,J. Butler (OFS),rotowire
2026-03-13,MIN,D. Green,QUES,D. Green (Ques),rotowire
2026-03-13,MIN,M. Moody,QUES,M. Moody (Ques),rotowire
2026-03-13,MIN,Q. Post,QUES,Q. Post (Ques),rotowire
2026-03-13,MIN,S. Curry,OUT,S. Curry (Out),rotowire
2026-03-14,CHA,R. Kalkbrenner,PROB,R. Kalkbrenner (Prob),rotowire
2026-03-14,CHA,C. White,PROB,C. White (Prob),rotowire
2026-03-14,CHA,V. Wembanyama,QUES,V. Wembanyama (Ques),rotowire
2026-03-14,SAS,V. Wembanyama,QUES,V. Wembanyama (Ques),rotowire
2026-03-14,DEN,J. Hayes,PROB,J. Hayes (Prob),rotowire
2026-03-14,LAL,J. Hayes,PROB,J. Hayes (Prob),rotowire
2026-03-14,CHA,E. Miller,QUES,E. Miller (Ques),rotowire
2026-03-14,SAS,E. Miller,QUES,E. Miller (Ques),rotowire
2026-03-14,WAS,D. White,PROB,D. White (Prob),rotowire
2026-03-14,WAS,B. Scheierman,PROB,B. Scheierman (Prob),rotowire
2026-03-14,BOS,B. Scheierman,PROB,B. Scheierman (Prob),rotowire
2026-03-14,BOS,D. White,PROB,D. White (Prob),rotowire
2026-03-14,SAC,M. Monk,QUES,M. Monk (Ques),rotowire
2026-03-14,SAC,D. Garland,PROB,D. Garland (Prob),rotowire
2026-03-14,SAC,J. Collins,OUT,J. Collins (Out),rotowire
2026-03-14,LAC,D. Garland,PROB,D. Garland (Prob),rotowire
2026-03-14,LAC,J. Collins,OUT,J. Collins (Out),rotowire
2026-03-14,BKN,Egor Demin,OFS,Egor Demin (OFS),rotowire
2026-03-14,BKN,D. Sharpe,OFS,D. Sharpe (OFS),rotowire
2026-03-14,BKN,N. Claxton,OUT,N. Claxton (Out),rotowire
2026-03-14,BKN,M. Porter,OUT,M. Porter (Out),rotowire
2026-03-14,BKN,D. Powell,OUT,D. Powell (Out),rotowire
2026-03-14,BKN,J. Broome,OUT,J. Broome (Out),rotowire
2026-03-14,BKN,A. Drummond,OUT,A. Drummond (Out),rotowire
2026-03-14,BKN,J. Embiid,OUT,J. Embiid (Out),rotowire
2026-03-14,BKN,P. George,OUT,P. George (Out),rotowire
2026-03-14,BKN,T. Maxey,OUT,T. Maxey (Out),rotowire
2026-03-14,BKN,K. Oubre,OUT,K. Oubre (Out),rotowire
2026-03-14,BKN,J. Walker,OUT,J. Walker (Out),rotowire
2026-03-14,PHI,J. Broome,OUT,J. Broome (Out),rotowire
2026-03-14,PHI,A. Drummond,OUT,A. Drummond (Out),rotowire
2026-03-14,PHI,J. Embiid,OUT,J. Embiid (Out),rotowire
2026-03-14,PHI,P. George,OUT,P. George (Out),rotowire
2026-03-14,PHI,T. Maxey,OUT,T. Maxey (Out),rotowire
2026-03-14,PHI,K. Oubre,OUT,K. Oubre (Out),rotowire
2026-03-14,PHI,J. Walker,OUT,J. Walker (Out),rotowire
2026-03-14,MIL,G. Antetokounmpo,OUT,G. Antetokounmpo (Out),rotowire
2026-03-14,MIL,O. Dieng,OUT,O. Dieng (Out),rotowire
2026-03-14,MIL,C. Ryan,OUT,C. Ryan (Out),rotowire
2026-03-14,MIL,J. Kuminga,OUT,J. Kuminga (Out),rotowire
2026-03-14,ATL,J. Kuminga,OUT,J. Kuminga (Out),rotowire
2026-03-14,CHA,L. McNeeley,OUT,L. McNeeley (Out),rotowire
2026-03-14,CHA,T. Salaun,OUT,T. Salaun (Out),rotowire
2026-03-14,CHA,D. Jones Garcia,OFS,D. Jones Garcia (OFS),rotowire
2026-03-14,CHA,D. Harper,OUT,D. Harper (Out),rotowire
2026-03-14,SAS,D. Jones Garcia,OFS,D. Jones Garcia (OFS),rotowire
2026-03-14,SAS,D. Harper,OUT,D. Harper (Out),rotowire
2026-03-14,WAS,C. Whitmore,OFS,C. Whitmore (OFS),rotowire
2026-03-14,WAS,A. Davis,OUT,A. Davis (Out),rotowire
2026-03-14,WAS,K. George,OUT,K. George (Out),rotowire
2026-03-14,WAS,D. Russell,OUT,D. Russell (Out),rotowire
2026-03-14,WAS,C. Bassey,OUT,C. Bassey (Out),rotowire
2026-03-14,WAS,N. Vucevic,OUT,N. Vucevic (Out),rotowire
2026-03-14,BOS,C. Bassey,OUT,C. Bassey (Out),rotowire
2026-03-14,BOS,N. Vucevic,OUT,N. Vucevic (Out),rotowire
2026-03-14,ORL,A. Black,OUT,A. Black (Out),rotowire
2026-03-14,ORL,J. Isaac,OUT,J. Isaac (Out),rotowire
2026-03-14,ORL,F. Wagner,OUT,F. Wagner (Out),rotowire
2026-03-14,ORL,D. Smith,PROB,D. Smith (Prob),rotowire
2026-03-14,ORL,N. Jovic,OUT,N. Jovic (Out),rotowire
2026-03-14,ORL,T. Rozier,OUT,T. Rozier (Out),rotowire
2026-03-14,ORL,A. Wiggins,OUT,A. Wiggins (Out),rotowire
2026-03-14,MIA,D. Smith,PROB,D. Smith (Prob),rotowire
2026-03-14,MIA,N. Jovic,OUT,N. Jovic (Out),rotowire
2026-03-14,MIA,T. Rozier,OUT,T. Rozier (Out),rotowire
2026-03-14,MIA,A. Wiggins,OUT,A. Wiggins (Out),rotowire
2026-03-14,DEN,A. Gordon,PROB,A. Gordon (Prob),rotowire
2026-03-14,DEN,J. Murray,PROB,J. Murray (Prob),rotowire
2026-03-14,DEN,P. Watson,OUT,P. Watson (Out),rotowire
2026-03-14,DEN,M. Kleber,OUT,M. Kleber (Out),rotowire
2026-03-14,LAL,M. Kleber,OUT,M. Kleber (Out),rotowire
2026-03-14,SAC,D. Hunter,OFS,D. Hunter (OFS),rotowire
2026-03-14,SAC,Z. LaVine,OFS,Z. LaVine (OFS),rotowire
2026-03-14,SAC,D. Sabonis,OFS,D. Sabonis (OFS),rotowire
2026-03-14,SAC,D. Carter,OUT,D. Carter (Out),rotowire
2026-03-14,SAC,D. Eubanks,OUT,D. Eubanks (Out),rotowire
2026-03-14,SAC,Malik Monk,OUT,Malik Monk (Out),rotowire
2026-03-14,SAC,K. Murray,OUT,K. Murray (Out),rotowire
2026-03-14,SAC,I. Stevens,OUT,I. Stevens (Out),rotowire
2026-03-14,SAC,B. Beal,OFS,B. Beal (OFS),rotowire
2026-03-14,SAC,Y. Niederhauser,OFS,Y. Niederhauser (OFS),rotowire
2026-03-14,SAC,N. Batum,OUT,N. Batum (Out),rotowire
2026-03-14,LAC,B. Beal,OFS,B. Beal (OFS),rotowire
2026-03-14,LAC,Y. Niederhauser,OFS,Y. Niederhauser (OFS),rotowire
2026-03-14,LAC,N. Batum,OUT,N. Batum (Out),rotowire
